Sample ID,Commod,Pesticide Code,Pesticide Name,Test Class,Concentration,LOD,pp_,Confirm 1,Confirm 2,Annotate,Quantitate,Mean,Extract,Determ,EPA Tolerance (ppm)
CA0710100004HYUS2,"HY","124","Coumaphos","C",0.0011,0.001,"M","GN","","","SM","O","821","72","0.15"
CA0710100146HYUS2P,"HY","297","Fluvalinate","O",0.0019,0.001,"M","GN","","","SM","O","821","72","0.05"
CA0710100151HYUS2P,"HY","124","Coumaphos","C",0.0015,0.001,"M","GN","","","SM","O","821","72","0.15"
CA0710100406HYUS2P,"HY","297","Fluvalinate","O",0.0026,0.001,"M","GN","","","SM","O","821","72","0.05"
CA0710100514HYUS2,"HY","297","Fluvalinate","O",0.0025,0.001,"M","GN","","","SM","O","821","72","0.05"
CA0710100549HYUS2,"HY","529","Vinclozolin","A",0.0107,0.001,"M","GN","","V","SM","O","821","72","NT"
CA0710100560HYUS2,"HY","254","Dicofol p,p'","A",0.0013,0.001,"M","GN","","V","SM","O","821","72","NT"
CA0710100561HYUS2,"HY","124","Coumaphos","C",0.0014,0.001,"M","GN","","","SM","O","821","72","0.15"
CA0710100561HYUS2,"HY","297","Fluvalinate","O",0.0067,0.001,"M","GN","","","SM","O","821","72","0.05"
CA0710100561HYUS2,"HY","AGR","2,4-dimethylphenyl formamide (2,4-DMPF)","F",0.0058,0.004,"M","M","","","SM","O","821","07","1"
CA0711140004HYUS2,"HY","124","Coumaphos","C",0.0012,0.001,"M","GN","","","SM","O","821","72","0.15"
CA0711140142HYUS2P,"HY","254","Dicofol p,p'","A",0.0036,0.001,"M","GN","","V","SM","O","821","72","NT"
CA0711140329HYUS2,"HY","124","Coumaphos","C",0.0111,0.001,"M","GN","","","SM","O","821","72","0.15"
CA0711140329HYUS2,"HY","AGR","2,4-dimethylphenyl formamide (2,4-DMPF)","F",0.0275,0.004,"M","M","","","SM","O","821","07","1"
CA0711140406HYUS2P,"HY","AGR","2,4-dimethylphenyl formamide (2,4-DMPF)","F",0.005,0.004,"M","M","","","SM","O","821","07","1"
CA0711140515HYUS2,"HY","297","Fluvalinate","O",0.0011,0.001,"M","GN","","","SM","O","821","72","0.05"
CA0711140548HYUS2,"HY","529","Vinclozolin","A",0.0106,0.001,"M","GN","","V","SM","O","821","72","NT"
CA0712050001HYUS2,"HY","124","Coumaphos","C",0.0011,0.001,"M","GN","","","SM","O","821","72","0.15"
CA0712050001HYUS2,"HY","297","Fluvalinate","O",0.0018,0.001,"M","GN","","","SM","O","821","72","0.05"
CA0712050142HYUS2P,"HY","AGR","2,4-dimethylphenyl formamide (2,4-DMPF)","F",0.0049,0.004,"M","M","","","SM","O","821","07","1"
CA0712050151HYUS2P,"HY","124","Coumaphos","C",0.0014,0.001,"M","GN","","","SM","O","821","72","0.15"
CA0712050152HYUS2P,"HY","124","Coumaphos","C",0.0011,0.001,"M","GN","","","SM","O","821","72","0.15"
CA0712050406HYUS2P,"HY","124","Coumaphos","C",0.0017,0.001,"M","GN","","","SM","O","821","72","0.15"
CA0712050484HYUS2,"HY","124","Coumaphos","C",0.0052,0.001,"M","GN","","","SM","O","821","72","0.15"
CA0712050564HYUS2,"HY","124","Coumaphos","C",0.0018,0.001,"M","GN","","","SM","O","821","72","0.15"
CO0710010001HYUS2,"HY","254","Dicofol p,p'","A",0.0021,0.001,"M","GN","","V","SM","O","821","72","NT"
CO0711050009HYUS2,"HY","297","Fluvalinate","O",0.0011,0.001,"M","GN","","","SM","O","821","72","0.05"
FL0710080055HYUS2P,"HY","124","Coumaphos","C",0.0018,0.001,"M","GN","","","SM","O","821","72","0.15"
FL0710080056HYUS2P,"HY","124","Coumaphos","C",0.0012,0.001,"M","GN","","","SM","O","821","72","0.15"
FL0711090023HYUS2P,"HY","124","Coumaphos","C",0.0014,0.001,"M","GN","","","SM","O","821","72","0.15"
FL0711090023HYUS2P,"HY","297","Fluvalinate","O",0.001,0.001,"M","GN","","","SM","O","821","72","0.05"
FL0711130029HYUS2P,"HY","124","Coumaphos","C",0.001,0.001,"M","GN","","","SM","O","821","72","0.15"
FL0711130064HYUS2P,"HY","124","Coumaphos","C",0.001,0.001,"M","GN","","","SM","O","821","72","0.15"
FL0711130064HYUS2P,"HY","297","Fluvalinate","O",0.0022,0.001,"M","GN","","","SM","O","821","72","0.05"
FL0711130066HYUS2P,"HY","124","Coumaphos","C",0.0014,0.001,"M","GN","","","SM","O","821","72","0.15"
FL0711130066HYUS2P,"HY","297","Fluvalinate","O",0.0027,0.001,"M","GN","","","SM","O","821","72","0.05"
FL0711130067HYUS2,"HY","124","Coumaphos","C",0.0014,0.001,"M","GN","","","SM","O","821","72","0.15"
FL0712100001HYUS2P,"HY","124","Coumaphos","C",0.0018,0.001,"M","GN","","","SM","O","821","72","0.15"
FL0712100002HYUS2P,"HY","124","Coumaphos","C",0.0011,0.001,"M","GN","","","SM","O","821","72","0.15"
FL0712100009HYUS2P,"HY","124","Coumaphos","C",0.0012,0.001,"M","GN","","","SM","O","821","72","0.15"
FL0712100025HYUS2,"HY","124","Coumaphos","C",0.0011,0.001,"M","GN","","","SM","O","821","72","0.15"
FL0712100066HYUS2,"HY","124","Coumaphos","C",0.0014,0.001,"M","GN","","","SM","O","821","72","0.15"
MD0710110005HYUS2,"HY","124","Coumaphos","C",0.001,0.001,"M","GN","","","SM","O","821","72","0.15"
MD0710110005HYUS2,"HY","297","Fluvalinate","O",0.001,0.001,"M","GN","","","SM","O","821","72","0.05"
MD0710110039HYUS2,"HY","297","Fluvalinate","O",0.0011,0.001,"M","GN","","","SM","O","821","72","0.05"
MD0711140001HYUS2,"HY","124","Coumaphos","C",0.0011,0.001,"M","GN","","","SM","O","821","72","0.15"
MD0711140005HYUS2,"HY","124","Coumaphos","C",0.0011,0.001,"M","GN","","","SM","O","821","72","0.15"
MD0712050005HYUS2,"HY","124","Coumaphos","C",0.0012,0.001,"M","GN","","","SM","O","821","72","0.15"
MI0710090008HYUS2,"HY","124","Coumaphos","C",0.0011,0.001,"M","GN","","","SM","O","821","72","0.15"
MI0710090056HYUS2P,"HY","124","Coumaphos","C",0.0015,0.001,"M","GN","","","SM","O","821","72","0.15"
MI0710090056HYUS2P,"HY","AGR","2,4-dimethylphenyl formamide (2,4-DMPF)","F",0.0092,0.004,"M","M","","","SM","O","821","07","1"
MI0710090084HYUS2,"HY","124","Coumaphos","C",0.0011,0.001,"M","GN","","","SM","O","821","72","0.15"
MI0710090084HYUS2,"HY","297","Fluvalinate","O",0.0017,0.001,"M","GN","","","SM","O","821","72","0.05"
MI0710090094HYUS2,"HY","124","Coumaphos","C",0.0013,0.001,"M","GN","","","SM","O","821","72","0.15"
MI0711130008HYUS2,"HY","124","Coumaphos","C",0.0012,0.001,"M","GN","","","SM","O","821","72","0.15"
MI0711130055HYUS2,"HY","124","Coumaphos","C",0.002,0.001,"M","GN","","","SM","O","821","72","0.15"
MI0711130056HYUS2,"HY","124","Coumaphos","C",0.0017,0.001,"M","GN","","","SM","O","821","72","0.15"
MI0711130084HYUS2,"HY","124","Coumaphos","C",0.0023,0.001,"M","GN","","","SM","O","821","72","0.15"
MI0712110021HYUS2,"HY","124","Coumaphos","C",0.0012,0.001,"M","GN","","","SM","O","821","72","0.15"
MI0712110055HYUS2,"HY","124","Coumaphos","C",0.0017,0.001,"M","GN","","","SM","O","821","72","0.15"
MI0712110056HYUS2,"HY","124","Coumaphos","C",0.0013,0.001,"M","GN","","","SM","O","821","72","0.15"
NY0710100009HYUS2P,"HY","124","Coumaphos","C",0.0012,0.001,"M","GN","","","SM","O","821","72","0.15"
NY0710100015HYUS2,"HY","124","Coumaphos","C",0.0012,0.001,"M","GN","","","SM","O","821","72","0.15"
NY0710100017HYUS2P,"HY","124","Coumaphos","C",0.0016,0.001,"M","GN","","","SM","O","821","72","0.15"
NY0710100186HYUS2P,"HY","124","Coumaphos","C",0.0012,0.001,"M","GN","","","SM","O","821","72","0.15"
NY0710100201HYUS2,"HY","124","Coumaphos","C",0.0016,0.001,"M","GN","","","SM","O","821","72","0.15"
NY0710100254HYUS2P,"HY","124","Coumaphos","C",0.0047,0.001,"M","GN","","","SM","O","821","72","0.15"
NY0710100280HYUS2,"HY","124","Coumaphos","C",0.0025,0.001,"M","GN","","","SM","O","821","72","0.15"
NY0711070012HYUS2,"HY","124","Coumaphos","C",0.0013,0.001,"M","GN","","","SM","O","821","72","0.15"
NY0711070017HYUS2P,"HY","124","Coumaphos","C",0.0013,0.001,"M","GN","","","SM","O","821","72","0.15"
NY0711070124HYUS2,"HY","124","Coumaphos","C",0.005,0.001,"M","GN","","","SM","O","821","72","0.15"
NY0711070186HYUS2P,"HY","124","Coumaphos","C",0.0017,0.001,"M","GN","","","SM","O","821","72","0.15"
NY0712050005HYUS2,"HY","124","Coumaphos","C",0.002,0.001,"M","GN","","","SM","O","821","72","0.15"
NY0712050012HYUS2,"HY","124","Coumaphos","C",0.0017,0.001,"M","GN","","","SM","O","821","72","0.15"
NY0712050015HYUS2,"HY","124","Coumaphos","C",0.0015,0.001,"M","GN","","","SM","O","821","72","0.15"
NY0712050186HYUS2P,"HY","297","Fluvalinate","O",0.002,0.001,"M","GN","","","SM","O","821","72","0.05"
NY0712050220HYUS2,"HY","124","Coumaphos","C",0.0043,0.001,"M","GN","","","SM","O","821","72","0.15"
NY0712050250HYUS2,"HY","297","Fluvalinate","O",0.0012,0.001,"M","GN","","","SM","O","821","72","0.05"
NY0712050254HYUS2P,"HY","124","Coumaphos","C",0.0011,0.001,"M","GN","","","SM","O","821","72","0.15"
NY0712050261HYUS2P,"HY","124","Coumaphos","C",0.001,0.001,"M","GN","","","SM","O","821","72","0.15"
NY0712050280HYUS2P,"HY","124","Coumaphos","C",0.0025,0.001,"M","GN","","","SM","O","821","72","0.15"
OH0710010100HYUS2,"HY","144","Dicloran","A",0.001,0.001,"M","GN","","V","SM","O","821","72","NT"
OH0710010436HYUS2P,"HY","124","Coumaphos","C",0.001,0.001,"M","GN","","","SM","O","821","72","0.15"
OH0710010436HYUS2P,"HY","AGR","2,4-dimethylphenyl formamide (2,4-DMPF)","F",0.0076,0.004,"M","M","","","SM","O","821","07","1"
OH0711050223HYUS2P,"HY","124","Coumaphos","C",0.0118,0.001,"M","GN","","","SM","O","821","72","0.15"
OH0711050422HYUS2P,"HY","124","Coumaphos","C",0.0018,0.001,"M","GN","","","SM","O","821","72","0.15"
OH0711050429HYUS2P,"HY","124","Coumaphos","C",0.0012,0.001,"M","GN","","","SM","O","821","72","0.15"
OH0712030100HYUS2,"HY","124","Coumaphos","C",0.0022,0.001,"M","GN","","","SM","O","821","72","0.15"
OH0712030212HYUS2P,"HY","124","Coumaphos","C",0.001,0.001,"M","GN","","","SM","O","821","72","0.15"
OH0712030212HYUS2P,"HY","AGR","2,4-dimethylphenyl formamide (2,4-DMPF)","F",0.0042,0.004,"M","M","","","SM","O","821","07","1"
OH0712030422HYUS2P,"HY","124","Coumaphos","C",0.002,0.001,"M","GN","","","SM","O","821","72","0.15"
OH0712030431HYUS2P,"HY","124","Coumaphos","C",0.0019,0.001,"M","GN","","","SM","O","821","72","0.15"
OH0712030431HYUS2P,"HY","AGR","2,4-dimethylphenyl formamide (2,4-DMPF)","F",0.0055,0.004,"M","M","","","SM","O","821","07","1"
TX0710010040HYUS2,"HY","124","Coumaphos","C",0.0012,0.001,"M","GN","","","SM","O","821","72","0.15"
TX0710010103HYUS2,"HY","124","Coumaphos","C",0.0024,0.001,"M","GN","","","SM","O","821","72","0.15"
TX0710010105HYUS2,"HY","124","Coumaphos","C",0.0016,0.001,"M","GN","","","SM","O","821","72","0.15"
TX0711050040HYUS2,"HY","124","Coumaphos","C",0.002,0.001,"M","GN","","","SM","O","821","72","0.15"
TX0711050201HYUS2P,"HY","297","Fluvalinate","O",0.0044,0.001,"M","GN","","","SM","O","821","72","0.05"
TX0711050406HYUS2,"HY","124","Coumaphos","C",0.0021,0.001,"M","GN","","","SM","O","821","72","0.15"
TX0711050409HYUS2,"HY","124","Coumaphos","C",0.0016,0.001,"M","GN","","","SM","O","821","72","0.15"
TX0712030103HYUS2,"HY","124","Coumaphos","C",0.0015,0.001,"M","GN","","","SM","O","821","72","0.15"
TX0712030201HYUS2,"HY","297","Fluvalinate","O",0.0039,0.001,"M","GN","","","SM","O","821","72","0.05"
TX0712030300HYUS2,"HY","124","Coumaphos","C",0.0014,0.001,"M","GN","","","SM","O","821","72","0.15"
TX0712030409HYUS2,"HY","124","Coumaphos","C",0.0017,0.001,"M","GN","","","SM","O","821","72","0.15"
TX0712030419HYUS2P,"HY","124","Coumaphos","C",0.0011,0.001,"M","GN","","","SM","O","821","72","0.15"
WA0710010004HYUS2P,"HY","297","Fluvalinate","O",0.0025,0.001,"M","GN","","","SM","O","821","72","0.05"
WA0710010011HYUS2P,"HY","124","Coumaphos","C",0.0014,0.001,"M","GN","","","SM","O","821","72","0.15"
WA0710010033HYUS2P,"HY","124","Coumaphos","C",0.001,0.001,"M","GN","","","SM","O","821","72","0.15"
WA0711050033HYUS2P,"HY","124","Coumaphos","C",0.0016,0.001,"M","GN","","","SM","O","821","72","0.15"
WA0712030004HYUS2P,"HY","124","Coumaphos","C",0.0012,0.001,"M","GN","","","SM","O","821","72","0.15"
WA0712030004HYUS2P,"HY","297","Fluvalinate","O",0.0022,0.001,"M","GN","","","SM","O","821","72","0.05"
WA0712030034HYUS2P,"HY","124","Coumaphos","C",0.0013,0.001,"M","GN","","","SM","O","821","72","0.15"
WI0710010114HYUS2,"HY","124","Coumaphos","C",0.0029,0.001,"M","GN","","","SM","O","821","72","0.15"
WI0711050103HYUS2,"HY","124","Coumaphos","C",0.001,0.001,"M","GN","","","SM","O","821","72","0.15"
WI0712030103HYUS2,"HY","124","Coumaphos","C",0.0013,0.001,"M","GN","","","SM","O","821","72","0.15"
WI0712030122HYUS2,"HY","124","Coumaphos","C",0.0014,0.001,"M","GN","","","SM","O","821","72","0.15"
CA0801160142HYUS2P,"HY","AGR","2,4-dimethylphenyl formamide (2,4-DMPF)","F",0.0092,0.004,"M","M","","","SM","O","821","07","1"
CA0801160151HYUS2P,"HY","124","Coumaphos","C",0.0016,0.001,"M","GN","","","SM","O","821","72","0.15"
CA0801160152HYUS2P,"HY","AGR","2,4-dimethylphenyl formamide (2,4-DMPF)","F",0.0088,0.004,"M","M","","","SM","O","821","07","1"
CA0801160273HYUS2,"HY","254","Dicofol p,p'","A",0.0017,0.001,"M","GN","","V","SM","O","821","72","NT"
CA0801160273HYUS2,"HY","297","Fluvalinate","O",0.0011,0.001,"M","GN","","","SM","O","821","72","0.05"
CA0801160406HYUS2P,"HY","297","Fluvalinate","O",0.0025,0.001,"M","GN","","","SM","O","821","72","0.05"
CA0801160484HYUS2,"HY","297","Fluvalinate","O",0.0016,0.001,"M","GN","","","SM","O","821","72","0.05"
CA0801160514HYUS2,"HY","AGR","2,4-dimethylphenyl formamide (2,4-DMPF)","F",0.0051,0.004,"M","M","","","SM","O","821","07","1"
CA0801170560HYUS2,"HY","297","Fluvalinate","O",0.001,0.001,"M","GN","","","SM","O","821","72","0.05"
CA0802110004HYUS2,"HY","297","Fluvalinate","O",0.0015,0.001,"M","GN","","","SM","O","821","72","0.05"
CA0802110142HYUS2P,"HY","124","Coumaphos","C",0.0015,0.001,"M","GN","","","SM","O","821","72","0.15"
CA0802110142HYUS2P,"HY","AGR","2,4-dimethylphenyl formamide (2,4-DMPF)","F",0.0077,0.004,"M","M","","","SM","O","821","07","1"
CA0802110152HYUS2P,"HY","AGR","2,4-dimethylphenyl formamide (2,4-DMPF)","F",0.0049,0.004,"M","M","","","SM","O","821","07","1"
CA0802110273HYUS2,"HY","AGR","2,4-dimethylphenyl formamide (2,4-DMPF)","F",0.0085,0.004,"M","M","","","SM","O","821","07","1"
CA0802110319HYUS2,"HY","297","Fluvalinate","O",0.0124,0.001,"M","GN","","","SM","O","821","72","0.05"
CA0802110319HYUS2,"HY","AES","Methoxyfenozide","I",0.0028,0.002,"M","LU","","V","SM","O","821","52","NT"
CA0803120152HYUS2P,"HY","AGR","2,4-dimethylphenyl formamide (2,4-DMPF)","F",0.0088,0.004,"M","M","","","SM","O","821","07","1"
CA0803120328HYUS2,"HY","297","Fluvalinate","O",0.0018,0.001,"M","GN","","","SM","O","821","72","0.05"
CA0803120406HYUS2P,"HY","254","Dicofol p,p'","A",0.0029,0.001,"M","GN","","V","SM","O","821","72","NT"
CA0803120406HYUS2P,"HY","AGR","2,4-dimethylphenyl formamide (2,4-DMPF)","F",0.0094,0.004,"M","M","","","SM","O","821","07","1"
CA0803120561HYUS2,"HY","AGR","2,4-dimethylphenyl formamide (2,4-DMPF)","F",0.0244,0.004,"M","M","","","SM","O","821","07","1"
CA0804160004HYUS2,"HY","AGR","2,4-dimethylphenyl formamide (2,4-DMPF)","F",0.006,0.004,"M","M","","","SM","O","821","07","1"
CA0804160273HYUS2,"HY","124","Coumaphos","C",0.0013,0.001,"M","GN","","","SM","O","821","72","0.15"
CA0804160492HYUS2,"HY","124","Coumaphos","C",0.0015,0.001,"M","GN","","","SM","O","821","72","0.15"
CA0804160504HYUS2,"HY","AGR","2,4-dimethylphenyl formamide (2,4-DMPF)","F",0.0092,0.004,"M","M","","","SM","O","821","07","1"
CA0804160519HYUS2,"HY","124","Coumaphos","C",0.0012,0.001,"M","GN","","","SM","O","821","72","0.15"
CA0804160519HYUS2,"HY","254","Dicofol p,p'","A",0.0011,0.001,"M","GN","","V","SM","O","821","72","NT"
CA0804160582HYUS2,"HY","AGR","2,4-dimethylphenyl formamide (2,4-DMPF)","F",0.0052,0.004,"M","M","","","SM","O","821","07","1"
CA0805140001HYUS2,"HY","124","Coumaphos","C",0.001,0.001,"M","GN","","","SM","O","821","72","0.15"
CA0805140001HYUS2,"HY","AGR","2,4-dimethylphenyl formamide (2,4-DMPF)","F",0.0064,0.004,"M","M","","","SM","O","821","07","1"
CA0805140142HYUS2,"HY","254","Dicofol p,p'","A",0.0017,0.001,"M","GN","","V","SM","O","821","72","NT"
CA0805140151HYUS2,"HY","297","Fluvalinate","O",0.002,0.001,"M","GN","","","SM","O","821","72","0.05"
CA0805140273HYUS2,"HY","124","Coumaphos","C",0.0013,0.001,"M","GN","","","SM","O","821","72","0.15"
CA0805140273HYUS2,"HY","AGR","2,4-dimethylphenyl formamide (2,4-DMPF)","F",0.0072,0.004,"M","M","","","SM","O","821","07","1"
CA0805140467HYUS2,"HY","124","Coumaphos","C",0.0014,0.001,"M","GN","","","SM","O","821","72","0.15"
CA0805140550HYUS2,"HY","124","Coumaphos","C",0.001,0.001,"M","GN","","","SM","O","821","72","0.15"
CA0805140550HYUS2,"HY","529","Vinclozolin","A",0.0013,0.001,"M","GN","","V","SM","O","821","72","NT"
CA0806110004HYUS2,"HY","124","Coumaphos","C",0.001,0.001,"M","GN","","","SM","O","821","72","0.15"
CA0806110004HYUS2,"HY","297","Fluvalinate","O",0.0017,0.001,"M","GN","","","SM","O","821","72","0.05"
CA0806110146HYUS2,"HY","254","Dicofol p,p'","A",0.0052,0.001,"M","GN","","V","SM","O","821","72","NT"
CA0806110273HYUS2,"HY","144","Dicloran","A",0.0011,0.001,"M","GN","","V","SM","O","821","72","NT"
CA0806110406HYUS2P,"HY","124","Coumaphos","C",0.0025,0.001,"M","GN","","","SM","O","821","72","0.15"
CA0806110406HYUS2P,"HY","297","Fluvalinate","O",0.0029,0.001,"M","GN","","","SM","O","821","72","0.05"
CA0806110406HYUS2P,"HY","AGR","2,4-dimethylphenyl formamide (2,4-DMPF)","F",0.0092,0.004,"M","M","","","SM","O","821","07","1"
CA0806110517HYUS2,"HY","AGR","2,4-dimethylphenyl formamide (2,4-DMPF)","F",0.0058,0.004,"M","M","","","SM","O","821","07","1"
CA0806110531HYUS2,"HY","AGR","2,4-dimethylphenyl formamide (2,4-DMPF)","F",0.0091,0.004,"M","M","","","SM","O","821","07","1"
CA0806110553HYUS2,"HY","124","Coumaphos","C",0.001,0.001,"M","GN","","","SM","O","821","72","0.15"
CA0806110553HYUS2,"HY","297","Fluvalinate","O",0.001,0.001,"M","GN","","","SM","O","821","72","0.05"
CA0806110557HYUS2,"HY","AGR","2,4-dimethylphenyl formamide (2,4-DMPF)","F",0.0076,0.004,"M","M","","","SM","O","821","07","1"
CA0806110560HYUS2,"HY","AGR","2,4-dimethylphenyl formamide (2,4-DMPF)","F",0.0094,0.004,"M","M","","","SM","O","821","07","1"
CA0806110568HYUS2,"HY","AGR","2,4-dimethylphenyl formamide (2,4-DMPF)","F",0.0041,0.004,"M","M","","","SM","O","821","07","1"
CA0806110577HYUS2,"HY","AGR","2,4-dimethylphenyl formamide (2,4-DMPF)","F",0.0061,0.004,"M","M","","","SM","O","821","07","1"
CA0807210319HYUS2,"HY","297","Fluvalinate","O",0.001,0.001,"M","GN","","","SM","O","821","72","0.05"
CA0807210516HYUS2,"HY","297","Fluvalinate","O",0.001,0.001,"M","GN","","","SM","O","821","72","0.05"
CA0808180146HYUS2,"HY","297","Fluvalinate","O",0.001,0.001,"M","GN","","","SM","O","821","72","0.05"
CA0808180151HYUS2P,"HY","124","Coumaphos","C",0.0016,0.001,"M","GN","","","SM","O","821","72","0.15"
CA0808180407HYUS2,"HY","124","Coumaphos","C",0.0014,0.001,"M","GN","","","SM","O","821","72","0.15"
CA0809220151HYUS2P,"HY","124","Coumaphos","C",0.0023,0.001,"M","GN","","","SM","O","821","72","0.15"
CA0810230004HYUS2B,"HY","124","Coumaphos","C",0.0038,0.001,"M","GN","","","SM","O","821","72","0.15"
CA0810230273HYUS2C,"HY","254","Dicofol p,p'","A",0.0023,0.001,"M","GN","","V","SM","O","821","72","NT"
CA0810230504HYUS2,"HY","160","Chlorpyrifos","C",0.0013,0.001,"M","GN","","","SM","O","821","72","0.1"
CO0801070010HYUS2,"HY","254","Dicofol p,p'","A",0.001,0.001,"M","GN","","V","SM","O","821","72","NT"
CO0801070010HYUS2,"HY","297","Fluvalinate","O",0.0017,0.001,"M","GN","","","SM","O","821","72","0.05"
CO0805050007HYUS2,"HY","124","Coumaphos","C",0.0023,0.001,"M","GN","","","SM","O","821","72","0.15"
CO0805050013HYUS2,"HY","297","Fluvalinate","O",0.0013,0.001,"M","GN","","","SM","O","821","72","0.05"
CO0805050013HYUS2,"HY","AGR","2,4-dimethylphenyl formamide (2,4-DMPF)","F",0.005,0.004,"M","M","","","SM","O","821","07","1"
CO0806020001HYUS2,"HY","124","Coumaphos","C",0.0032,0.001,"M","GN","","","SM","O","821","72","0.15"
CO0806020007HYUS2,"HY","254","Dicofol p,p'","A",0.09,0.001,"M","GN","","V","SM","O","821","72","NT"
CO0807070010HYUS2,"HY","AGR","2,4-dimethylphenyl formamide (2,4-DMPF)","F",0.0192,0.004,"M","M","","","SM","O","821","07","1"
CO0807070012HYUS2,"HY","254","Dicofol p,p'","A",0.0011,0.001,"M","GN","","V","SM","O","821","72","NT"
FL0801100056HYUS2P,"HY","297","Fluvalinate","O",0.0012,0.001,"M","GN","","","SM","O","821","72","0.05"
FL0801110038HYUS2P,"HY","124","Coumaphos","C",0.0011,0.001,"M","GN","","","SM","O","821","72","0.15"
FL0801110049HYUS2,"HY","124","Coumaphos","C",0.0024,0.001,"M","GN","","","SM","O","821","72","0.15"
FL0801110049HYUS2,"HY","297","Fluvalinate","O",0.0029,0.001,"M","GN","","","SM","O","821","72","0.05"
FL0801110057HYUS2P,"HY","297","Fluvalinate","O",0.0012,0.001,"M","GN","","","SM","O","821","72","0.05"
FL0801140043HYUS2,"HY","124","Coumaphos","C",0.0012,0.001,"M","GN","","","SM","O","821","72","0.15"
FL0801140052HYUS2P,"HY","124","Coumaphos","C",0.0022,0.001,"M","GN","","","SM","O","821","72","0.15"
FL0801140052HYUS2P,"HY","297","Fluvalinate","O",0.0019,0.001,"M","GN","","","SM","O","821","72","0.05"
FL0801140058HYUS2P,"HY","124","Coumaphos","C",0.001,0.001,"M","GN","","","SM","O","821","72","0.15"
FL0801140058HYUS2P,"HY","297","Fluvalinate","O",0.0014,0.001,"M","GN","","","SM","O","821","72","0.05"
FL0802110002HYUS2P,"HY","297","Fluvalinate","O",0.0025,0.001,"M","GN","","","SM","O","821","72","0.05"
FL0802110060HYUS2P,"HY","124","Coumaphos","C",0.0018,0.001,"M","GN","","","SM","O","821","72","0.15"
FL0802110060HYUS2P,"HY","297","Fluvalinate","O",0.0027,0.001,"M","GN","","","SM","O","821","72","0.05"
FL0802110061HYUS2P,"HY","297","Fluvalinate","O",0.001,0.001,"M","GN","","","SM","O","821","72","0.05"
FL0803100001HYUS2P,"HY","297","Fluvalinate","O",0.0024,0.001,"M","GN","","","SM","O","821","72","0.05"
FL0803100007HYUS2P,"HY","297","Fluvalinate","O",0.0011,0.001,"M","GN","","","SM","O","821","72","0.05"
FL0803100009HYUS2P,"HY","124","Coumaphos","C",0.0012,0.001,"M","GN","","","SM","O","821","72","0.15"
FL0803100043HYUS2,"HY","297","Fluvalinate","O",0.0098,0.001,"M","GN","","","SM","O","821","72","0.05"
FL0803100046HYUS2P,"HY","AGR","2,4-dimethylphenyl formamide (2,4-DMPF)","F",0.0043,0.004,"M","M","","","SM","O","821","07","1"
FL0803100060HYUS2P,"HY","124","Coumaphos","C",0.0042,0.001,"M","GN","","","SM","O","821","72","0.15"
FL0803100060HYUS2P,"HY","297","Fluvalinate","O",0.0018,0.001,"M","GN","","","SM","O","821","72","0.05"
FL0804140056HYUS2P,"HY","124","Coumaphos","C",0.0012,0.001,"M","GN","","","SM","O","821","72","0.15"
FL0804140060HYUS2P,"HY","124","Coumaphos","C",0.0012,0.001,"M","GN","","","SM","O","821","72","0.15"
FL0804140060HYUS2P,"HY","254","Dicofol p,p'","A",0.0018,0.001,"M","GN","","V","SM","O","821","72","NT"
FL0804140060HYUS2P,"HY","297","Fluvalinate","O",0.006,0.001,"M","GN","","","SM","O","821","72","0.05"
FL0804140061HYUS2P,"HY","124","Coumaphos","C",0.0016,0.001,"M","GN","","","SM","O","821","72","0.15"
FL0804140061HYUS2P,"HY","254","Dicofol p,p'","A",0.0028,0.001,"M","GN","","V","SM","O","821","72","NT"
FL0804140064HYUS2P,"HY","124","Coumaphos","C",0.0015,0.001,"M","GN","","","SM","O","821","72","0.15"
FL0804140064HYUS2P,"HY","297","Fluvalinate","O",0.0018,0.001,"M","GN","","","SM","O","821","72","0.05"
FL0804140066HYUS2P,"HY","254","Dicofol p,p'","A",0.0013,0.001,"M","GN","","V","SM","O","821","72","NT"
FL0805120001HYUS2P,"HY","124","Coumaphos","C",0.001,0.001,"M","GN","","","SM","O","821","72","0.15"
FL0805120001HYUS2P,"HY","297","Fluvalinate","O",0.0041,0.001,"M","GN","","","SM","O","821","72","0.05"
FL0805120041HYUS2P,"HY","254","Dicofol p,p'","A",0.0011,0.001,"M","GN","","V","SM","O","821","72","NT"
FL0805120043HYUS2P,"HY","AGR","2,4-dimethylphenyl formamide (2,4-DMPF)","F",0.0047,0.004,"M","M","","","SM","O","821","07","1"
FL0806090001HYUS2P,"HY","124","Coumaphos","C",0.0012,0.001,"M","GN","","","SM","O","821","72","0.15"
FL0806090038HYUS2P,"HY","AGR","2,4-dimethylphenyl formamide (2,4-DMPF)","F",0.0765,0.004,"M","M","","","SM","O","821","07","1"
FL0806090052HYUS2P,"HY","124","Coumaphos","C",0.0011,0.001,"M","GN","","","SM","O","821","72","0.15"
FL0806090052HYUS2P,"HY","297","Fluvalinate","O",0.0015,0.001,"M","GN","","","SM","O","821","72","0.05"
FL0807020028HYUS2P,"HY","AGR","2,4-dimethylphenyl formamide (2,4-DMPF)","F",0.024,0.004,"M","M","","","SM","O","821","07","1"
FL0807020029HYUS2P,"HY","297","Fluvalinate","O",0.0011,0.001,"M","GN","","","SM","O","821","72","0.05"
FL0807020029HYUS2P,"HY","AGR","2,4-dimethylphenyl formamide (2,4-DMPF)","F",0.018,0.004,"M","M","","","SM","O","821","07","1"
FL0807140007HYUS2P,"HY","254","Dicofol p,p'","A",0.0037,0.001,"M","GN","","V","SM","O","821","72","NT"
FL0807140009HYUS2P,"HY","666","Carbendazim (MBC)","B",0.0273,0.005,"M","LU","","V","SM","O","821","52","NT"
FL0808110002HYUS2P,"HY","124","Coumaphos","C",0.0014,0.001,"M","GN","","","SM","O","821","72","0.15"
FL0808110002HYUS2P,"HY","297","Fluvalinate","O",0.0025,0.001,"M","GN","","","SM","O","821","72","0.05"
FL0808110056HYUS2P,"HY","297","Fluvalinate","O",0.0023,0.001,"M","GN","","","SM","O","821","72","0.05"
FL0808110060HYUS2P,"HY","070","Piperonyl butoxide","I",0.0063,0.006,"M","M","","","SM","O","821","07","10"
FL0809150029HYUS2P,"HY","124","Coumaphos","C",0.0011,0.001,"M","GN","","","SM","O","821","72","0.15"
FL0809150039HYUS2P,"HY","070","Piperonyl butoxide","I",0.008,0.006,"M","M","","","SM","O","821","07","10"
FL0809150039HYUS2P,"HY","124","Coumaphos","C",0.001,0.001,"M","GN","","","SM","O","821","72","0.15"
FL0809150043HYUS2,"HY","124","Coumaphos","C",0.0021,0.001,"M","GN","","","SM","O","821","72","0.15"
FL0809150046HYUS2P,"HY","124","Coumaphos","C",0.0019,0.001,"M","GN","","","SM","O","821","72","0.15"
FL0809150068HYUS2P,"HY","297","Fluvalinate","O",0.0014,0.001,"M","GN","","","SM","O","821","72","0.05"
MD0801160001HYUS2,"HY","124","Coumaphos","C",0.0013,0.001,"M","GN","","","SM","O","821","72","0.15"
MD0801160005HYUS2,"HY","AGR","2,4-dimethylphenyl formamide (2,4-DMPF)","F",0.0055,0.004,"M","M","","","SM","O","821","07","1"
MD0801160039HYUS2,"HY","AGR","2,4-dimethylphenyl formamide (2,4-DMPF)","F",0.0053,0.004,"M","M","","","SM","O","821","07","1"
MD0802110001HYUS2,"HY","124","Coumaphos","C",0.0012,0.001,"M","GN","","","SM","O","821","72","0.15"
MD0802110005HYUS2,"HY","124","Coumaphos","C",0.0016,0.001,"M","GN","","","SM","O","821","72","0.15"
MD0803120005HYUS2,"HY","124","Coumaphos","C",0.0014,0.001,"M","GN","","","SM","O","821","72","0.15"
MD0804160001HYUS2,"HY","070","Piperonyl butoxide","I",0.0088,0.006,"M","M","","","SM","O","821","07","10"
MD0804160001HYUS2,"HY","124","Coumaphos","C",0.0011,0.001,"M","GN","","","SM","O","821","72","0.15"
MD0804160001HYUS2,"HY","AGR","2,4-dimethylphenyl formamide (2,4-DMPF)","F",0.0062,0.004,"M","M","","","SM","O","821","07","1"
MD0804160005HYUS2,"HY","124","Coumaphos","C",0.0011,0.001,"M","GN","","","SM","O","821","72","0.15"
MD0805140001HYUS2,"HY","297","Fluvalinate","O",0.001,0.001,"M","GN","","","SM","O","821","72","0.05"
MD0805140005HYUS2,"HY","124","Coumaphos","C",0.0017,0.001,"M","GN","","","SM","O","821","72","0.15"
MD0805140039HYUS2,"HY","124","Coumaphos","C",0.001,0.001,"M","GN","","","SM","O","821","72","0.15"
MD0806110005HYUS2,"HY","124","Coumaphos","C",0.001,0.001,"M","GN","","","SM","O","821","72","0.15"
MD0806110005HYUS2,"HY","297","Fluvalinate","O",0.0017,0.001,"M","GN","","","SM","O","821","72","0.05"
MD0806110039HYUS2,"HY","124","Coumaphos","C",0.0014,0.001,"M","GN","","","SM","O","821","72","0.15"
MD0806110039HYUS2,"HY","297","Fluvalinate","O",0.001,0.001,"M","GN","","","SM","O","821","72","0.05"
MD0806110039HYUS2,"HY","AGR","2,4-dimethylphenyl formamide (2,4-DMPF)","F",0.0252,0.004,"M","M","","","SM","O","821","07","1"
MD0808190005HYUS2,"HY","124","Coumaphos","C",0.0014,0.001,"M","GN","","","SM","O","821","72","0.15"
MD0809230005HYUS2,"HY","124","Coumaphos","C",0.001,0.001,"M","GN","","","SM","O","821","72","0.15"
MI0801150006HYUS2,"HY","124","Coumaphos","C",0.0021,0.001,"M","GN","","","SM","O","821","72","0.15"
MI0801150008HYUS2,"HY","297","Fluvalinate","O",0.0027,0.001,"M","GN","","","SM","O","821","72","0.05"
MI0801150056HYUS2,"HY","124","Coumaphos","C",0.0011,0.001,"M","GN","","","SM","O","821","72","0.15"
MI0801150056HYUS2,"HY","AGR","2,4-dimethylphenyl formamide (2,4-DMPF)","F",0.0111,0.004,"M","M","","","SM","O","821","07","1"
MI0801150084HYUS2,"HY","AGR","2,4-dimethylphenyl formamide (2,4-DMPF)","F",0.0077,0.004,"M","M","","","SM","O","821","07","1"
MI0802120008HYUS2,"HY","AGR","2,4-dimethylphenyl formamide (2,4-DMPF)","F",0.0054,0.004,"M","M","","","SM","O","821","07","1"
MI0802120021HYUS2,"HY","254","Dicofol p,p'","A",0.0041,0.001,"M","GN","","V","SM","O","821","72","NT"
MI0802120021HYUS2,"HY","AGR","2,4-dimethylphenyl formamide (2,4-DMPF)","F",0.012,0.004,"M","M","","","SM","O","821","07","1"
MI0802120056HYUS2,"HY","124","Coumaphos","C",0.0011,0.001,"M","GN","","","SM","O","821","72","0.15"
MI0802120056HYUS2,"HY","AGR","2,4-dimethylphenyl formamide (2,4-DMPF)","F",0.0108,0.004,"M","M","","","SM","O","821","07","1"
MI0802120084HYUS2,"HY","AGR","2,4-dimethylphenyl formamide (2,4-DMPF)","F",0.0216,0.004,"M","M","","","SM","O","821","07","1"
MI0803110005HYUS2,"HY","124","Coumaphos","C",0.0016,0.001,"M","GN","","","SM","O","821","72","0.15"
MI0803110006HYUS2,"HY","124","Coumaphos","C",0.001,0.001,"M","GN","","","SM","O","821","72","0.15"
MI0803110006HYUS2,"HY","254","Dicofol p,p'","A",0.0058,0.001,"M","GN","","V","SM","O","821","72","NT"
MI0803110008HYUS2,"HY","124","Coumaphos","C",0.0012,0.001,"M","GN","","","SM","O","821","72","0.15"
MI0803110056HYUS2,"HY","124","Coumaphos","C",0.0021,0.001,"M","GN","","","SM","O","821","72","0.15"
MI0804150005HYUS2,"HY","124","Coumaphos","C",0.0019,0.001,"M","GN","","","SM","O","821","72","0.15"
MI0804150005HYUS2,"HY","AGR","2,4-dimethylphenyl formamide (2,4-DMPF)","F",0.0045,0.004,"M","M","","","SM","O","821","07","1"
MI0804150008HYUS2,"HY","124","Coumaphos","C",0.0015,0.001,"M","GN","","","SM","O","821","72","0.15"
MI0804150008HYUS2,"HY","AGR","2,4-dimethylphenyl formamide (2,4-DMPF)","F",0.0044,0.004,"M","M","","","SM","O","821","07","1"
MI0804150021HYUS2,"HY","124","Coumaphos","C",0.002,0.001,"M","GN","","","SM","O","821","72","0.15"
MI0804150056HYUS2,"HY","124","Coumaphos","C",0.0021,0.001,"M","GN","","","SM","O","821","72","0.15"
MI0804150084HYUS2,"HY","124","Coumaphos","C",0.0024,0.001,"M","GN","","","SM","O","821","72","0.15"
MI0804150084HYUS2,"HY","254","Dicofol p,p'","A",0.004,0.001,"M","GN","","V","SM","O","821","72","NT"
MI0805130021HYUS2,"HY","124","Coumaphos","C",0.0016,0.001,"M","GN","","","SM","O","821","72","0.15"
MI0805130056HYUS2,"HY","124","Coumaphos","C",0.0034,0.001,"M","GN","","","SM","O","821","72","0.15"
MI0805130056HYUS2,"HY","AGR","2,4-dimethylphenyl formamide (2,4-DMPF)","F",0.0528,0.004,"M","M","","","SM","O","821","07","1"
MI0806100005HYUS2,"HY","297","Fluvalinate","O",0.0012,0.001,"M","M","","","SM","O","821","72","0.05"
MI0806100008HYUS2,"HY","AGR","2,4-dimethylphenyl formamide (2,4-DMPF)","F",0.007,0.004,"M","M","","","SM","O","821","07","1"
MI0806100053HYUS2,"HY","AGR","2,4-dimethylphenyl formamide (2,4-DMPF)","F",0.0213,0.004,"M","M","","","SM","O","821","07","1"
MI0806100056HYUS2,"HY","124","Coumaphos","C",0.001,0.001,"M","GN","","","SM","O","821","72","0.15"
MI0806100056HYUS2,"HY","297","Fluvalinate","O",0.001,0.001,"M","GN","","","SM","O","821","72","0.05"
MI0807150056HYUS2P,"HY","AGR","2,4-dimethylphenyl formamide (2,4-DMPF)","F",0.0051,0.004,"M","M","","","SM","O","821","07","1"
MI0808120005HYUS2,"HY","297","Fluvalinate","O",0.0012,0.001,"M","GN","","","SM","O","821","72","0.05"
MI0808120021HYUS2,"HY","124","Coumaphos","C",0.0015,0.001,"M","GN","","","SM","O","821","72","0.15"
MI0808120056HYUS2,"HY","124","Coumaphos","C",0.001,0.001,"M","GN","","","SM","O","821","72","0.15"
MI0808120056HYUS2,"HY","297","Fluvalinate","O",0.0016,0.001,"M","GN","","","SM","O","821","72","0.05"
MI0808120084HYUS2,"HY","124","Coumaphos","C",0.001,0.001,"M","GN","","","SM","O","821","72","0.15"
MI0809090006HYUS2,"HY","124","Coumaphos","C",0.0015,0.001,"M","GN","","","SM","O","821","72","0.15"
MI0809090008HYUS2,"HY","297","Fluvalinate","O",0.001,0.001,"M","GN","","","SM","O","821","72","0.05"
MI0809090056HYUS2,"HY","124","Coumaphos","C",0.0018,0.001,"M","GN","","","SM","O","821","72","0.15"
MI0809090084HYUS2,"HY","124","Coumaphos","C",0.0027,0.001,"M","GN","","","SM","O","821","72","0.15"
NY0801150009HYUS2P,"HY","124","Coumaphos","C",0.0012,0.001,"M","GN","","","SM","O","821","72","0.15"
NY0801150012HYUS2P,"HY","124","Coumaphos","C",0.001,0.001,"M","GN","","","SM","O","821","72","0.15"
NY0801150201HYUS2,"HY","124","Coumaphos","C",0.0027,0.001,"M","GN","","","SM","O","821","72","0.15"
NY0801150201HYUS2,"HY","AGR","2,4-dimethylphenyl formamide (2,4-DMPF)","F",0.0099,0.004,"M","M","","","SM","O","821","07","1"
NY0801150254HYUS2P,"HY","124","Coumaphos","C",0.002,0.001,"M","GN","","","SM","O","821","72","0.15"
NY0801150280HYUS2,"HY","124","Coumaphos","C",0.0023,0.001,"M","GN","","","SM","O","821","72","0.15"
NY0802120009HYUS2,"HY","124","Coumaphos","C",0.0029,0.001,"M","GN","","","SM","O","821","72","0.15"
NY0802120015HYUS2,"HY","124","Coumaphos","C",0.0019,0.001,"M","GN","","","SM","O","821","72","0.15"
NY0802120186HYUS2P,"HY","124","Coumaphos","C",0.0021,0.001,"M","GN","","","SM","O","821","72","0.15"
NY0802120201HYUS2,"HY","124","Coumaphos","C",0.0011,0.001,"M","GN","","","SM","O","821","72","0.15"
NY0802120201HYUS2,"HY","AGR","2,4-dimethylphenyl formamide (2,4-DMPF)","F",0.0098,0.004,"M","M","","","SM","O","821","07","1"
NY0802120220HYUS2,"HY","124","Coumaphos","C",0.0011,0.001,"M","GN","","","SM","O","821","72","0.15"
NY0802120220HYUS2,"HY","AGR","2,4-dimethylphenyl formamide (2,4-DMPF)","F",0.0055,0.004,"M","M","","","SM","O","821","07","1"
NY0802120254HYUS2,"HY","124","Coumaphos","C",0.0014,0.001,"M","GN","","","SM","O","821","72","0.15"
NY0802120262HYUS2,"HY","124","Coumaphos","C",0.0017,0.001,"M","GN","","","SM","O","821","72","0.15"
NY0802120262HYUS2,"HY","AGR","2,4-dimethylphenyl formamide (2,4-DMPF)","F",0.0049,0.004,"M","M","","","SM","O","821","07","1"
NY0802120280HYUS2,"HY","124","Coumaphos","C",0.0016,0.001,"M","GN","","","SM","O","821","72","0.15"
NY0803110005HYUS2P,"HY","124","Coumaphos","C",0.0011,0.001,"M","GN","","","SM","O","821","72","0.15"
NY0803110005HYUS2P,"HY","529","Vinclozolin","A",0.0021,0.001,"M","GN","","V","SM","O","821","72","NT"
NY0803110012HYUS2,"HY","124","Coumaphos","C",0.0013,0.001,"M","GN","","","SM","O","821","72","0.15"
NY0803110012HYUS2,"HY","AGR","2,4-dimethylphenyl formamide (2,4-DMPF)","F",0.0068,0.004,"M","M","","","SM","O","821","07","1"
NY0803110017HYUS2,"HY","124","Coumaphos","C",0.0014,0.001,"M","GN","","","SM","O","821","72","0.15"
NY0803110017HYUS2,"HY","254","Dicofol p,p'","A",0.0018,0.001,"M","GN","","V","SM","O","821","72","NT"
NY0803110020HYUS2,"HY","124","Coumaphos","C",0.001,0.001,"M","GN","","","SM","O","821","72","0.15"
NY0803110201HYUS2,"HY","124","Coumaphos","C",0.0015,0.001,"M","GN","","","SM","O","821","72","0.15"
NY0803110201HYUS2,"HY","AGR","2,4-dimethylphenyl formamide (2,4-DMPF)","F",0.0042,0.004,"M","M","","","SM","O","821","07","1"
NY0803110220HYUS2,"HY","124","Coumaphos","C",0.001,0.001,"M","GN","","","SM","O","821","72","0.15"
NY0803110250HYUS2,"HY","AGR","2,4-dimethylphenyl formamide (2,4-DMPF)","F",0.0233,0.004,"M","M","","","SM","O","821","07","1"
NY0803110279HYUS2,"HY","124","Coumaphos","C",0.0013,0.001,"M","GN","","","SM","O","821","72","0.15"
NY0804160006HYUS2P,"HY","124","Coumaphos","C",0.0034,0.001,"M","GN","","","SM","O","821","72","0.15"
NY0804160009HYUS2P,"HY","124","Coumaphos","C",0.0019,0.001,"M","GN","","","SM","O","821","72","0.15"
NY0804160015HYUS2,"HY","124","Coumaphos","C",0.0018,0.001,"M","GN","","","SM","O","821","72","0.15"
NY0804160124HYUS2,"HY","124","Coumaphos","C",0.0015,0.001,"M","GN","","","SM","O","821","72","0.15"
NY0804160124HYUS2,"HY","AGR","2,4-dimethylphenyl formamide (2,4-DMPF)","F",0.0049,0.004,"M","M","","","SM","O","821","07","1"
NY0804160201HYUS2,"HY","124","Coumaphos","C",0.003,0.001,"M","GN","","","SM","O","821","72","0.15"
NY0804160262HYUS2,"HY","297","Fluvalinate","O",0.0019,0.001,"M","GN","","","SM","O","821","72","0.05"
NY0805130006HYUS2P,"HY","124","Coumaphos","C",0.001,0.001,"M","GN","","","SM","O","821","72","0.15"
NY0805130011HYUS2P,"HY","529","Vinclozolin","A",0.0021,0.001,"M","GN","","V","SM","O","821","72","NT"
NY0805130012HYUS2,"HY","070","Piperonyl butoxide","I",0.0096,0.006,"M","M","","","SM","O","821","07","10"
NY0805130012HYUS2,"HY","124","Coumaphos","C",0.0017,0.001,"M","GN","","","SM","O","821","72","0.15"
NY0805130012HYUS2,"HY","254","Dicofol p,p'","A",0.0041,0.001,"M","GN","","V","SM","O","821","72","NT"
NY0805130017HYUS2P,"HY","124","Coumaphos","C",0.0015,0.001,"M","GN","","","SM","O","821","72","0.15"
NY0805130201HYUS2,"HY","124","Coumaphos","C",0.0019,0.001,"M","GN","","","SM","O","821","72","0.15"
NY0805130261HYUS2P,"HY","297","Fluvalinate","O",0.0012,0.001,"M","GN","","","SM","O","821","72","0.05"
NY0805130262HYUS2,"HY","124","Coumaphos","C",0.001,0.001,"M","GN","","","SM","O","821","72","0.15"
NY0805130262HYUS2,"HY","297","Fluvalinate","O",0.001,0.001,"M","GN","","","SM","O","821","72","0.05"
NY0806100006HYUS2P,"HY","124","Coumaphos","C",0.002,0.001,"M","GN","","","SM","O","821","72","0.15"
NY0806100009HYUS2P,"HY","124","Coumaphos","C",0.0025,0.001,"M","GN","","","SM","O","821","72","0.15"
NY0806100011HYUS2P,"HY","070","Piperonyl butoxide","I",0.0087,0.006,"M","M","","","SM","O","821","07","10"
NY0806100011HYUS2P,"HY","124","Coumaphos","C",0.0028,0.001,"M","GN","","","SM","O","821","72","0.15"
NY0806100011HYUS2P,"HY","254","Dicofol p,p'","A",0.0018,0.001,"M","GN","","V","SM","O","821","72","NT"
NY0806100011HYUS2P,"HY","AGR","2,4-dimethylphenyl formamide (2,4-DMPF)","F",0.0055,0.004,"M","M","","","SM","O","821","07","1"
NY0806100015HYUS2,"HY","124","Coumaphos","C",0.0016,0.001,"M","GN","","","SM","O","821","72","0.15"
NY0806100201HYUS2,"HY","124","Coumaphos","C",0.0014,0.001,"M","GN","","","SM","O","821","72","0.15"
NY0806100250HYUS2,"HY","124","Coumaphos","C",0.0025,0.001,"M","GN","","","SM","O","821","72","0.15"
NY0806100250HYUS2,"HY","297","Fluvalinate","O",0.0013,0.001,"M","GN","","","SM","O","821","72","0.05"
NY0806100250HYUS2,"HY","AGR","2,4-dimethylphenyl formamide (2,4-DMPF)","F",0.0364,0.004,"M","M","","","SM","O","821","07","1"
NY0806100280HYUS2P,"HY","124","Coumaphos","C",0.0016,0.001,"M","GN","","","SM","O","821","72","0.15"
NY0807150005HYUS2P,"HY","124","Coumaphos","C",0.0011,0.001,"M","GN","","","SM","O","821","72","0.15"
NY0807150009HYUS2P,"HY","124","Coumaphos","C",0.0012,0.001,"M","GN","","","SM","O","821","72","0.15"
NY0807150012HYUS2,"HY","070","Piperonyl butoxide","I",0.0072,0.006,"M","M","","","SM","O","821","07","10"
NY0807150012HYUS2,"HY","124","Coumaphos","C",0.0012,0.001,"M","GN","","","SM","O","821","72","0.15"
NY0807150012HYUS2,"HY","254","Dicofol p,p'","A",0.002,0.001,"M","GN","","V","SM","O","821","72","NT"
NY0807150015HYUS2,"HY","124","Coumaphos","C",0.0016,0.001,"M","GN","","","SM","O","821","72","0.15"
NY0807150017HYUS2,"HY","124","Coumaphos","C",0.001,0.001,"M","GN","","","SM","O","821","72","0.15"
NY0807150017HYUS2,"HY","297","Fluvalinate","O",0.002,0.001,"M","GN","","","SM","O","821","72","0.05"
NY0807150250HYUS2,"HY","124","Coumaphos","C",0.0013,0.001,"M","GN","","","SM","O","821","72","0.15"
NY0808120201HYUS2,"HY","124","Coumaphos","C",0.0012,0.001,"M","GN","","","SM","O","821","72","0.15"
NY0808120220HYUS2,"HY","124","Coumaphos","C",0.001,0.001,"M","GN","","","SM","O","821","72","0.15"
NY0808120262HYUS2,"HY","124","Coumaphos","C",0.0014,0.001,"M","GN","","","SM","O","821","72","0.15"
NY0808120278HYUS2P,"HY","124","Coumaphos","C",0.0024,0.001,"M","GN","","","SM","O","821","72","0.15"
NY0808120278HYUS2P,"HY","297","Fluvalinate","O",0.0021,0.001,"M","GN","","","SM","O","821","72","0.05"
NY0809090006HYUS2P,"HY","124","Coumaphos","C",0.0021,0.001,"M","GN","","","SM","O","821","72","0.15"
NY0809090006HYUS2P,"HY","297","Fluvalinate","O",0.0012,0.001,"M","GN","","","SM","O","821","72","0.05"
NY0809090012HYUS2,"HY","124","Coumaphos","C",0.0018,0.001,"M","GN","","","SM","O","821","72","0.15"
NY0809090015HYUS2,"HY","124","Coumaphos","C",0.0026,0.001,"M","GN","","","SM","O","821","72","0.15"
NY0809090201HYUS2,"HY","124","Coumaphos","C",0.0032,0.001,"M","GN","","","SM","O","821","72","0.15"
NY0809090250HYUS2,"HY","124","Coumaphos","C",0.0082,0.001,"M","GN","","","SM","O","821","72","0.15"
NY0809090280HYUS2,"HY","124","Coumaphos","C",0.0028,0.001,"M","GN","","","SM","O","821","72","0.15"
OH0801070136HYUS2P,"HY","124","Coumaphos","C",0.0011,0.001,"M","GN","","","SM","O","821","72","0.15"
OH0801070136HYUS2P,"HY","AGR","2,4-dimethylphenyl formamide (2,4-DMPF)","F",0.0065,0.004,"M","M","","","SM","O","821","07","1"
OH0801070307HYUS2P,"HY","124","Coumaphos","C",0.0012,0.001,"M","GN","","","SM","O","821","72","0.15"
OH0801070307HYUS2P,"HY","AGR","2,4-dimethylphenyl formamide (2,4-DMPF)","F",0.0098,0.004,"M","M","","","SM","O","821","07","1"
OH0801070422HYUS2P,"HY","124","Coumaphos","C",0.002,0.001,"M","GN","","","SM","O","821","72","0.15"
OH0801070422HYUS2P,"HY","254","Dicofol p,p'","A",0.0019,0.001,"M","GN","","V","SM","O","821","72","NT"
OH0801070422HYUS2P,"HY","AGR","2,4-dimethylphenyl formamide (2,4-DMPF)","F",0.0079,0.004,"M","M","","","SM","O","821","07","1"
OH0801070431HYUS2P,"HY","124","Coumaphos","C",0.0016,0.001,"M","GN","","","SM","O","821","72","0.15"
OH0802040100HYUS2,"HY","124","Coumaphos","C",0.0021,0.001,"M","GN","","","SM","O","821","72","0.15"
OH0802040136HYUS2P,"HY","297","Fluvalinate","O",0.0096,0.001,"M","GN","","","SM","O","821","72","0.05"
OH0802040212HYUS2P,"HY","124","Coumaphos","C",0.0033,0.001,"M","GN","","","SM","O","821","72","0.15"
OH0802040436HYUS2P,"HY","124","Coumaphos","C",0.0016,0.001,"M","GN","","","SM","O","821","72","0.15"
OH0803030430HYUS2P,"HY","124","Coumaphos","C",0.0015,0.001,"M","GN","","","SM","O","821","72","0.15"
OH0803030436HYUS2,"HY","124","Coumaphos","C",0.0014,0.001,"M","GN","","","SM","O","821","72","0.15"
OH0803030436HYUS2,"HY","AGR","2,4-dimethylphenyl formamide (2,4-DMPF)","F",0.0045,0.004,"M","M","","","SM","O","821","07","1"
OH0803040218HYUS2,"HY","124","Coumaphos","C",0.0013,0.001,"M","GN","","","SM","O","821","72","0.15"
OH0804070422HYUS2P,"HY","070","Piperonyl butoxide","I",0.007,0.006,"M","M","","","SM","O","821","07","10"
OH0804070422HYUS2P,"HY","124","Coumaphos","C",0.001,0.001,"M","GN","","","SM","O","821","72","0.15"
OH0804070422HYUS2P,"HY","254","Dicofol p,p'","A",0.0015,0.001,"M","GN","","V","SM","O","821","72","NT"
OH0804070430HYUS2P,"HY","070","Piperonyl butoxide","I",0.0076,0.006,"M","M","","","SM","O","821","07","10"
OH0804070430HYUS2P,"HY","124","Coumaphos","C",0.001,0.001,"M","GN","","","SM","O","821","72","0.15"
OH0804070430HYUS2P,"HY","254","Dicofol p,p'","A",0.0012,0.001,"M","GN","","V","SM","O","821","72","NT"
OH0805050212HYUS2P,"HY","124","Coumaphos","C",0.001,0.001,"M","GN","","","SM","O","821","72","0.15"
OH0805050309HYUS2P,"HY","124","Coumaphos","C",0.0016,0.001,"M","GN","","","SM","O","821","72","0.15"
OH0805050309HYUS2P,"HY","254","Dicofol p,p'","A",0.0012,0.001,"M","GN","","V","SM","O","821","72","NT"
OH0805050431HYUS2P,"HY","124","Coumaphos","C",0.0014,0.001,"M","GN","","","SM","O","821","72","0.15"
OH0805050431HYUS2P,"HY","B48","Azoxystrobin","F",0.0037,0.002,"M","GN","","V","SM","O","821","72","NT"
OH0806020100HYUS2,"HY","124","Coumaphos","C",0.0023,0.001,"M","GN","","","SM","O","821","72","0.15"
OH0806020100HYUS2,"HY","AGR","2,4-dimethylphenyl formamide (2,4-DMPF)","F",0.0068,0.004,"M","M","","","SM","O","821","07","1"
OH0806020136HYUS2P,"HY","124","Coumaphos","C",0.0015,0.001,"M","GN","","","SM","O","821","72","0.15"
OH0806020212HYUS2P,"HY","124","Coumaphos","C",0.0017,0.001,"M","GN","","","SM","O","821","72","0.15"
OH0806020212HYUS2P,"HY","297","Fluvalinate","O",0.0023,0.001,"M","GN","","","SM","O","821","72","0.05"
OH0806020212HYUS2P,"HY","AGR","2,4-dimethylphenyl formamide (2,4-DMPF)","F",0.0851,0.004,"M","M","","","SM","O","821","07","1"
OH0806020312HYUS2P,"HY","AGR","2,4-dimethylphenyl formamide (2,4-DMPF)","F",0.0106,0.004,"M","GN","","","SM","O","821","07","1"
OH0806020429HYUS2P,"HY","124","Coumaphos","C",0.0017,0.001,"M","GN","","","SM","O","821","72","0.15"
OH0806020429HYUS2P,"HY","B48","Azoxystrobin","F",0.004,0.002,"M","GN","","V","SM","O","821","72","NT"
OH0807070100HYUS2,"HY","124","Coumaphos","C",0.0026,0.001,"M","GN","","","SM","O","821","72","0.15"
OH0807070212HYUS2P,"HY","297","Fluvalinate","O",0.0013,0.001,"M","GN","","","SM","O","821","72","0.05"
OH0807070300HYUS2P,"HY","124","Coumaphos","C",0.0016,0.001,"M","GN","","","SM","O","821","72","0.15"
OH0808040100HYUS2,"HY","124","Coumaphos","C",0.0014,0.001,"M","GN","","","SM","O","821","72","0.15"
OH0809020100HYUS2,"HY","124","Coumaphos","C",0.0021,0.001,"M","GN","","","SM","O","821","72","0.15"
OH0809020223HYUS2P,"HY","124","Coumaphos","C",0.001,0.001,"M","GN","","","SM","O","821","72","0.15"
OH0809020223HYUS2P,"HY","B48","Azoxystrobin","F",0.0033,0.002,"M","GN","","V","SM","O","821","72","NT"
OH0809020312HYUS2P,"HY","124","Coumaphos","C",0.0011,0.001,"M","GN","","","SM","O","821","72","0.15"
TX0801070040HYUS2,"HY","124","Coumaphos","C",0.001,0.001,"M","GN","","","SM","O","821","72","0.15"
TX0801070201HYUS2,"HY","254","Dicofol p,p'","A",0.0035,0.001,"M","GN","","V","SM","O","821","72","NT"
TX0801070201HYUS2,"HY","297","Fluvalinate","O",0.0019,0.001,"M","GN","","","SM","O","821","72","0.05"
TX0801070419HYUS2,"HY","AGR","2,4-dimethylphenyl formamide (2,4-DMPF)","F",0.0286,0.004,"M","M","","","SM","O","821","07","1"
TX0802040020HYUS2P,"HY","124","Coumaphos","C",0.0011,0.001,"M","GN","","","SM","O","821","72","0.15"
TX0802040201HYUS2,"HY","297","Fluvalinate","O",0.004,0.001,"M","GN","","","SM","O","821","72","0.05"
TX0802040212HYUS2,"HY","124","Coumaphos","C",0.0014,0.001,"M","GN","","","SM","O","821","72","0.15"
TX0803030040HYUS2,"HY","124","Coumaphos","C",0.0011,0.001,"M","GN","","","SM","O","821","72","0.15"
TX0803030103HYUS2,"HY","124","Coumaphos","C",0.001,0.001,"M","GN","","","SM","O","821","72","0.15"
TX0803030103HYUS2,"HY","297","Fluvalinate","O",0.0011,0.001,"M","GN","","","SM","O","821","72","0.05"
TX0803030103HYUS2,"HY","AGR","2,4-dimethylphenyl formamide (2,4-DMPF)","F",0.0058,0.004,"M","M","","","SM","O","821","07","1"
TX0803030105HYUS2,"HY","124","Coumaphos","C",0.0026,0.001,"M","GN","","","SM","O","821","72","0.15"
TX0803030201HYUS2,"HY","254","Dicofol p,p'","A",0.0036,0.001,"M","GN","","V","SM","O","821","72","NT"
TX0803030201HYUS2,"HY","297","Fluvalinate","O",0.0019,0.001,"M","GN","","","SM","O","821","72","0.05"
TX0804070406HYUS2,"HY","124","Coumaphos","C",0.0011,0.001,"M","GN","","","SM","O","821","72","0.15"
TX0804070406HYUS2,"HY","254","Dicofol p,p'","A",0.001,0.001,"M","GN","","V","SM","O","821","72","NT"
TX0804070406HYUS2,"HY","AGR","2,4-dimethylphenyl formamide (2,4-DMPF)","F",0.0046,0.004,"M","M","","","SM","O","821","07","1"
TX0804070409HYUS2,"HY","AGR","2,4-dimethylphenyl formamide (2,4-DMPF)","F",0.0048,0.004,"M","M","","","SM","O","821","07","1"
TX0805050020HYUS2P,"HY","124","Coumaphos","C",0.0019,0.001,"M","GN","","","SM","O","821","72","0.15"
TX0805050040HYUS2,"HY","124","Coumaphos","C",0.0016,0.001,"M","GN","","","SM","O","821","72","0.15"
TX0805050103HYUS2,"HY","124","Coumaphos","C",0.0026,0.001,"M","GN","","","SM","O","821","72","0.15"
TX0805050103HYUS2,"HY","297","Fluvalinate","O",0.0031,0.001,"M","GN","","","SM","O","821","72","0.05"
TX0805050103HYUS2,"HY","539","Permethrin Total","O",0.011,0.01,"M","GN","","V","SM","O","821","07","NT"
TX0805050105HYUS2,"HY","124","Coumaphos","C",0.0011,0.001,"M","GN","","","SM","O","821","72","0.15"
TX0805050105HYUS2,"HY","297","Fluvalinate","O",0.0013,0.001,"M","GN","","","SM","O","821","72","0.05"
TX0805050201HYUS2,"HY","297","Fluvalinate","O",0.0049,0.001,"M","GN","","","SM","O","821","72","0.05"
TX0805050300HYUS2,"HY","124","Coumaphos","C",0.0011,0.001,"M","GN","","","SM","O","821","72","0.15"
TX0805050419HYUS2,"HY","124","Coumaphos","C",0.0013,0.001,"M","GN","","","SM","O","821","72","0.15"
TX0805050419HYUS2,"HY","297","Fluvalinate","O",0.0021,0.001,"M","GN","","","SM","O","821","72","0.05"
TX0806020020HYUS2P,"HY","124","Coumaphos","C",0.0017,0.001,"M","GN","","","SM","O","821","72","0.15"
TX0806020040HYUS2,"HY","124","Coumaphos","C",0.0017,0.001,"M","GN","","","SM","O","821","72","0.15"
TX0806020103HYUS2,"HY","124","Coumaphos","C",0.0033,0.001,"M","GN","","","SM","O","821","72","0.15"
TX0806020103HYUS2,"HY","AGR","2,4-dimethylphenyl formamide (2,4-DMPF)","F",0.0077,0.004,"M","M","","","SM","O","821","07","1"
TX0806020406HYUS2,"HY","124","Coumaphos","C",0.0014,0.001,"M","GN","","","SM","O","821","72","0.15"
TX0806020406HYUS2,"HY","AGR","2,4-dimethylphenyl formamide (2,4-DMPF)","F",0.0049,0.004,"M","M","","","SM","O","821","07","1"
TX0806020419HYUS2,"HY","124","Coumaphos","C",0.0016,0.001,"M","GN","","","SM","O","821","72","0.15"
TX0806020419HYUS2,"HY","AGR","2,4-dimethylphenyl formamide (2,4-DMPF)","F",0.0059,0.004,"M","M","","","SM","O","821","07","1"
TX0807070020HYUS2P,"HY","124","Coumaphos","C",0.0011,0.001,"M","GN","","","SM","O","821","72","0.15"
TX0807070040HYUS2,"HY","124","Coumaphos","C",0.001,0.001,"M","GN","","","SM","O","821","72","0.15"
TX0807070201HYUS2,"HY","254","Dicofol p,p'","A",0.0034,0.001,"M","GN","","V","SM","O","821","72","NT"
TX0807070406HYUS2,"HY","124","Coumaphos","C",0.0011,0.001,"M","GN","","","SM","O","821","72","0.15"
TX0808040201HYUS2,"HY","124","Coumaphos","C",0.001,0.001,"M","GN","","","SM","O","821","72","0.15"
TX0809020201HYUS2,"HY","124","Coumaphos","C",0.0013,0.001,"M","GN","","","SM","O","821","72","0.15"
WA0801070004HYUS2,"HY","254","Dicofol p,p'","A",0.0014,0.001,"M","GN","","V","SM","O","821","72","NT"
WA0801070008HYUS2,"HY","AGR","2,4-dimethylphenyl formamide (2,4-DMPF)","F",0.0067,0.004,"M","M","","","SM","O","821","07","1"
WA0801070033HYUS2P,"HY","124","Coumaphos","C",0.001,0.001,"M","GN","","","SM","O","821","72","0.15"
WA0802040010HYUS2P,"HY","124","Coumaphos","C",0.001,0.001,"M","GN","","","SM","O","821","72","0.15"
WA0802040033HYUS2P,"HY","124","Coumaphos","C",0.001,0.001,"M","GN","","","SM","O","821","72","0.15"
WA0803030011HYUS2P,"HY","124","Coumaphos","C",0.0015,0.001,"M","GN","","","SM","O","821","72","0.15"
WA0804070004HYUS2,"HY","297","Fluvalinate","O",0.0011,0.001,"M","GN","","","SM","O","821","72","0.05"
WA0805050002HYUS2P,"HY","124","Coumaphos","C",0.0022,0.001,"M","GN","","","SM","O","821","72","0.15"
WA0805050002HYUS2P,"HY","AGR","2,4-dimethylphenyl formamide (2,4-DMPF)","F",0.0049,0.004,"M","M","","","SM","O","821","07","1"
WA0805050008HYUS2,"HY","070","Piperonyl butoxide","I",0.0091,0.006,"M","M","","","SM","O","821","07","10"
WA0805050008HYUS2,"HY","297","Fluvalinate","O",0.0015,0.001,"M","GN","","","SM","O","821","72","0.05"
WA0805050011HYUS2P,"HY","124","Coumaphos","C",0.0021,0.001,"M","GN","","","SM","O","821","72","0.15"
WA0805050011HYUS2P,"HY","254","Dicofol p,p'","A",0.0017,0.001,"M","GN","","V","SM","O","821","72","NT"
WA0806020008HYUS2,"HY","070","Piperonyl butoxide","I",0.0086,0.006,"M","M","","","SM","O","821","07","10"
WA0806020008HYUS2,"HY","297","Fluvalinate","O",0.0013,0.001,"M","GN","","","SM","O","821","72","0.05"
WA0806020008HYUS2,"HY","AGR","2,4-dimethylphenyl formamide (2,4-DMPF)","F",0.0074,0.004,"M","M","","","SM","O","821","07","1"
WA0806090031HYUS2P,"HY","297","Fluvalinate","O",0.0145,0.001,"M","GN","","","SM","O","821","72","0.05"
WA0807070001HYUS2P,"HY","144","Dicloran","A",0.0016,0.001,"M","GN","","V","SM","O","821","72","NT"
WA0807070010HYUS2P,"HY","AGR","2,4-dimethylphenyl formamide (2,4-DMPF)","F",0.0302,0.004,"M","M","","","SM","O","821","07","1"
WA0809020008HYUS2,"HY","124","Coumaphos","C",0.0016,0.001,"M","GN","","","SM","O","821","72","0.15"
WA0809020008HYUS2,"HY","297","Fluvalinate","O",0.0067,0.001,"M","GN","","","SM","O","821","72","0.05"
WI0801070123HYUS2,"HY","124","Coumaphos","C",0.0016,0.001,"M","GN","","","SM","O","821","72","0.15"
WI0803030122HYUS2,"HY","AGR","2,4-dimethylphenyl formamide (2,4-DMPF)","F",0.0062,0.004,"M","M","","","SM","O","821","07","1"
WI0806020125HYUS2,"HY","254","Dicofol p,p'","A",0.0015,0.001,"M","GN","","V","SM","O","821","72","NT"
WI0808040123HYUS2,"HY","297","Fluvalinate","O",0.0014,0.001,"M","GN","","","SM","O","821","72","0.05"
CA1704170152HYUS2P,"HY","AGR","2,4-dimethylphenyl formamide (2,4-DMPF)","F",0.014,0.003,"M","LU","","","","O","818","52","0.2"
CA1704170620HYUS2,"HY","AGR","2,4-dimethylphenyl formamide (2,4-DMPF)","F",0.02,0.003,"M","LU","","","","O","818","52","0.2"
CA1704180449HYUS2,"HY","AGR","2,4-dimethylphenyl formamide (2,4-DMPF)","F",0.014,0.003,"M","LU","","","","O","818","52","0.2"
CA1704180449HYUS2,"HY","ALG","Thymol","X",0.03,0.005,"M","GT","","","","O","818","35","EX"
CA1704180533HYUS2,"HY","AGR","2,4-dimethylphenyl formamide (2,4-DMPF)","F",0.01,0.003,"M","LU","","","","O","818","52","0.2"
CA1704180547HYUS2,"HY","AGR","2,4-dimethylphenyl formamide (2,4-DMPF)","F",0.019,0.003,"M","LU","","","","O","818","52","0.2"
CA1704180626HYUS2,"HY","AGR","2,4-dimethylphenyl formamide (2,4-DMPF)","F",0.025,0.003,"M","LU","","","","O","818","52","0.2"
CA1704180626HYUS2,"HY","ALG","Thymol","X",0.022,0.005,"M","GT","","","","O","818","35","EX"
CA1705150001HYUS2P,"HY","AGR","2,4-dimethylphenyl formamide (2,4-DMPF)","F",0.011,0.003,"M","LU","","","","O","818","52","0.2"
CA1705150414HYUS2P,"HY","AGR","2,4-dimethylphenyl formamide (2,4-DMPF)","F",0.019,0.003,"M","LU","","","","O","818","52","0.2"
CA1705150486HYUS2,"HY","AGR","2,4-dimethylphenyl formamide (2,4-DMPF)","F",0.003,0.003,"M","LU","","","","O","818","52","0.2"
CA1705150496HYUS2,"HY","AGR","2,4-dimethylphenyl formamide (2,4-DMPF)","F",0.052,0.003,"M","LU","","","","O","818","52","0.2"
CA1705150496HYUS2,"HY","ALG","Thymol","X",0.013,0.005,"M","GT","","","","O","818","35","EX"
CA1705150504HYUS2,"HY","AGR","2,4-dimethylphenyl formamide (2,4-DMPF)","F",0.009,0.003,"M","LU","","","","O","818","52","0.2"
CA1705150546HYUS2,"HY","AGR","2,4-dimethylphenyl formamide (2,4-DMPF)","F",0.004,0.003,"M","LU","","","","O","818","52","0.2"
CA1705150550HYUS2,"HY","AGR","2,4-dimethylphenyl formamide (2,4-DMPF)","F",0.036,0.003,"M","LU","","","","O","818","52","0.2"
CA1705150561HYUS2,"HY","AGR","2,4-dimethylphenyl formamide (2,4-DMPF)","F",0.008,0.003,"M","LU","","","","O","818","52","0.2"
CA1705150605HYUS2,"HY","AGR","2,4-dimethylphenyl formamide (2,4-DMPF)","F",0.006,0.003,"M","LU","","","","O","818","52","0.2"
CA1705150607HYUS2,"HY","AGR","2,4-dimethylphenyl formamide (2,4-DMPF)","F",0.056,0.003,"M","LU","","","","O","818","52","0.2"
CA1705150609HYUS2,"HY","227","Alachlor","A",1.07,0.4,"M","GT","","V","","O","818","35","NT"
CA1705150627HYUS2P,"HY","AGR","2,4-dimethylphenyl formamide (2,4-DMPF)","F",0.022,0.003,"M","LU","","","","O","818","52","0.2"
CA1705220001HYUS2P,"HY","AGR","2,4-dimethylphenyl formamide (2,4-DMPF)","F",0.013,0.003,"M","LU","","","","O","818","52","0.2"
CA1705220273HYUS2P,"HY","AGR","2,4-dimethylphenyl formamide (2,4-DMPF)","F",0.008,0.003,"M","LU","","","","O","818","52","0.2"
CA1705220553HYUS2,"HY","AGR","2,4-dimethylphenyl formamide (2,4-DMPF)","F",0.014,0.003,"M","LU","","","","O","818","52","0.2"
CA1705220561HYUS2P,"HY","AGR","2,4-dimethylphenyl formamide (2,4-DMPF)","F",0.008,0.003,"M","LU","","","","O","818","52","0.2"
CA1706190001HYUS2P,"HY","AGR","2,4-dimethylphenyl formamide (2,4-DMPF)","F",0.064,0.003,"M","LU","","","","O","818","52","0.2"
CA1706190004HYUS2P,"HY","AGR","2,4-dimethylphenyl formamide (2,4-DMPF)","F",0.028,0.003,"M","LU","","","","O","818","52","0.2"
CA1706190004HYUS2P,"HY","ALG","Thymol","X",0.067,0.005,"M","GT","","","","O","818","35","EX"
CA1706190273HYUS2P,"HY","AGR","2,4-dimethylphenyl formamide (2,4-DMPF)","F",0.012,0.003,"M","LU","","","","O","818","52","0.2"
CA1706190548HYUS2,"HY","AGR","2,4-dimethylphenyl formamide (2,4-DMPF)","F",0.013,0.003,"M","LU","","","","O","818","52","0.2"
CA1706190549HYUS2,"HY","AGR","2,4-dimethylphenyl formamide (2,4-DMPF)","F",0.012,0.003,"M","LU","","","","O","818","52","0.2"
CA1706190564HYUS2,"HY","AGR","2,4-dimethylphenyl formamide (2,4-DMPF)","F",0.013,0.003,"M","LU","","","","O","818","52","0.2"
CA1706190569HYUS2,"HY","AGR","2,4-dimethylphenyl formamide (2,4-DMPF)","F",0.01,0.003,"M","LU","","","","O","818","52","0.2"
CA1706190577HYUS2,"HY","AGR","2,4-dimethylphenyl formamide (2,4-DMPF)","F",0.03,0.003,"M","LU","","","","O","818","52","0.2"
CA1706190577HYUS2,"HY","ALG","Thymol","X",0.039,0.005,"M","GT","","","","O","818","35","EX"
CA1706190625HYUS2P,"HY","AGR","2,4-dimethylphenyl formamide (2,4-DMPF)","F",0.042,0.003,"M","LU","","","","O","818","52","0.2"
CA1706190645HYUS2,"HY","ALG","Thymol","X",0.027,0.005,"M","GT","","","","O","818","35","EX"
CA1707240001HYUS2P,"HY","AGR","2,4-dimethylphenyl formamide (2,4-DMPF)","F",0.014,0.003,"M","LU","","","","O","818","52","0.2"
CA1707240004HYUS2P,"HY","124","Coumaphos","C",0.013,0.008,"M","LU","","","","O","818","52","0.15"
CA1707240149HYUS2P,"HY","AGR","2,4-dimethylphenyl formamide (2,4-DMPF)","F",0.042,0.003,"M","LU","","","","O","818","52","0.2"
CA1707240151HYUS2P,"HY","AGR","2,4-dimethylphenyl formamide (2,4-DMPF)","F",0.041,0.003,"M","LU","","","","O","818","52","0.2"
CA1707240273HYUS2P,"HY","AGR","2,4-dimethylphenyl formamide (2,4-DMPF)","F",0.012,0.003,"M","LU","","","","O","818","52","0.2"
CA1707240450HYUS2,"HY","AGR","2,4-dimethylphenyl formamide (2,4-DMPF)","F",0.01,0.003,"M","LU","","","","O","818","52","0.2"
CA1707240547HYUS2,"HY","AGR","2,4-dimethylphenyl formamide (2,4-DMPF)","F",0.016,0.003,"M","LU","","","","O","818","52","0.2"
CA1707240548HYUS2,"HY","AGR","2,4-dimethylphenyl formamide (2,4-DMPF)","F",0.017,0.003,"M","LU","","","","O","818","52","0.2"
CA1707240549HYUS2,"HY","AGR","2,4-dimethylphenyl formamide (2,4-DMPF)","F",0.017,0.003,"M","LU","","","","O","818","52","0.2"
CA1707240553HYUS2P,"HY","AGR","2,4-dimethylphenyl formamide (2,4-DMPF)","F",0.011,0.003,"M","LU","","","","O","818","52","0.2"
CA1707240554HYUS2,"HY","AGR","2,4-dimethylphenyl formamide (2,4-DMPF)","F",0.011,0.003,"M","LU","","","","O","818","52","0.2"
CA1707240625HYUS2P,"HY","AGR","2,4-dimethylphenyl formamide (2,4-DMPF)","F",0.008,0.003,"M","LU","","","","O","818","52","0.2"
CA1708210004HYUS2P,"HY","AGR","2,4-dimethylphenyl formamide (2,4-DMPF)","F",0.01,0.003,"M","LU","","","","O","818","52","0.2"
CA1708210146HYUS2P,"HY","AGR","2,4-dimethylphenyl formamide (2,4-DMPF)","F",0.005,0.003,"M","LU","","","","O","818","52","0.2"
CA1708210149HYUS2P,"HY","AGR","2,4-dimethylphenyl formamide (2,4-DMPF)","F",0.042,0.003,"M","LU","","","","O","818","52","0.2"
CA1708210273HYUS2P,"HY","AGR","2,4-dimethylphenyl formamide (2,4-DMPF)","F",0.007,0.003,"M","LU","","","","O","818","52","0.2"
CA1708210542HYUS2P,"HY","AGR","2,4-dimethylphenyl formamide (2,4-DMPF)","F",0.003,0.003,"M","LU","","","","O","818","52","0.2"
CA1708210553HYUS2P,"HY","AGR","2,4-dimethylphenyl formamide (2,4-DMPF)","F",0.006,0.003,"M","LU","","","","O","818","52","0.2"
CA1708210553HYUS2P,"HY","ALG","Thymol","X",0.083,0.005,"M","GT","","","","O","818","35","EX"
CA1708210561HYUS2P,"HY","AGR","2,4-dimethylphenyl formamide (2,4-DMPF)","F",0.01,0.003,"M","LU","","","","O","818","52","0.2"
CA1708210561HYUS2P,"HY","ALG","Thymol","X",0.048,0.005,"M","GT","","","","O","818","35","EX"
CA1708210626HYUS2,"HY","AGR","2,4-dimethylphenyl formamide (2,4-DMPF)","F",0.004,0.003,"M","LU","","","","O","818","52","0.2"
CA1708210645HYUS2P,"HY","AGR","2,4-dimethylphenyl formamide (2,4-DMPF)","F",0.013,0.003,"M","LU","","","","O","818","52","0.2"
CO1704240010HYUS2,"HY","AGR","2,4-dimethylphenyl formamide (2,4-DMPF)","F",0.028,0.003,"M","LU","","","","O","818","52","0.2"
CO1704240010HYUS2,"HY","ALG","Thymol","X",0.021,0.005,"M","GT","","","","O","818","35","EX"
CO1705220009HYUS2,"HY","227","Alachlor","A",0.46,0.4,"M","GT","","V","","O","818","35","NT"
CO1705220009HYUS2,"HY","AGR","2,4-dimethylphenyl formamide (2,4-DMPF)","F",0.004,0.003,"M","LU","","","","O","818","52","0.2"
CO1706260007HYUS2,"HY","AGR","2,4-dimethylphenyl formamide (2,4-DMPF)","F",0.011,0.003,"M","LU","","","","O","818","52","0.2"
CO1706260007HYUS2,"HY","ALG","Thymol","X",0.068,0.005,"M","GT","","","","O","818","35","EX"
CO1706260008HYUS2,"HY","AGR","2,4-dimethylphenyl formamide (2,4-DMPF)","F",0.005,0.003,"M","LU","","","","O","818","52","0.2"
CO1707310007HYUS2,"HY","AGR","2,4-dimethylphenyl formamide (2,4-DMPF)","F",0.022,0.003,"M","LU","","","","O","818","52","0.2"
CO1707310009HYUS2,"HY","AGR","2,4-dimethylphenyl formamide (2,4-DMPF)","F",0.005,0.003,"M","LU","","","","O","818","52","0.2"
CO1708280006HYUS2,"HY","AGR","2,4-dimethylphenyl formamide (2,4-DMPF)","F",0.014,0.003,"M","LU","","","","O","818","52","0.2"
CO1708280012HYUS2,"HY","AGR","2,4-dimethylphenyl formamide (2,4-DMPF)","F",0.023,0.003,"M","LU","","","","O","818","52","0.2"
FL1704240007HYUS2,"HY","AGR","2,4-dimethylphenyl formamide (2,4-DMPF)","F",0.008,0.003,"M","LU","","","","O","818","52","0.2"
FL1704240007HYUS2,"HY","ALG","Thymol","X",0.082,0.005,"M","GT","","","","O","818","35","EX"
FL1704240049HYUS2P,"HY","AGR","2,4-dimethylphenyl formamide (2,4-DMPF)","F",0.011,0.003,"M","LU","","","","O","818","52","0.2"
FL1704240049HYUS2P,"HY","ALG","Thymol","X",0.029,0.005,"M","GT","","","","O","818","35","EX"
FL1704240052HYUS2,"HY","AGR","2,4-dimethylphenyl formamide (2,4-DMPF)","F",0.005,0.003,"M","LU","","","","O","818","52","0.2"
FL1704240080HYUS2P,"HY","AGR","2,4-dimethylphenyl formamide (2,4-DMPF)","F",0.027,0.003,"M","LU","","","","O","818","52","0.2"
FL1704240088HYUS2P,"HY","AGR","2,4-dimethylphenyl formamide (2,4-DMPF)","F",0.022,0.003,"M","LU","","","","O","818","52","0.2"
FL1704240096HYUS2,"HY","AGR","2,4-dimethylphenyl formamide (2,4-DMPF)","F",0.008,0.003,"M","LU","","","","O","818","52","0.2"
FL1705220019HYUS2P,"HY","AGR","2,4-dimethylphenyl formamide (2,4-DMPF)","F",0.02,0.003,"M","LU","","","","O","818","52","0.2"
FL1705220039HYUS2,"HY","AGR","2,4-dimethylphenyl formamide (2,4-DMPF)","F",0.003,0.003,"M","LU","","","","O","818","52","0.2"
FL1705220083HYUS2,"HY","227","Alachlor","A",0.48,0.4,"M","GT","","V","","O","818","35","NT"
FL1705220083HYUS2,"HY","AGR","2,4-dimethylphenyl formamide (2,4-DMPF)","F",0.014,0.003,"M","LU","","","","O","818","52","0.2"
FL1705220088HYUS2P,"HY","AGR","2,4-dimethylphenyl formamide (2,4-DMPF)","F",0.015,0.003,"M","LU","","","","O","818","52","0.2"
FL1706260048HYUS2P,"HY","AGR","2,4-dimethylphenyl formamide (2,4-DMPF)","F",0.009,0.003,"M","LU","","","","O","818","52","0.2"
FL1706260057HYUS2,"HY","AGR","2,4-dimethylphenyl formamide (2,4-DMPF)","F",0.005,0.003,"M","LU","","","","O","818","52","0.2"
FL1706260080HYUS2P,"HY","AGR","2,4-dimethylphenyl formamide (2,4-DMPF)","F",0.019,0.003,"M","LU","","","","O","818","52","0.2"
FL1706260091HYUS2P,"HY","AGR","2,4-dimethylphenyl formamide (2,4-DMPF)","F",0.02,0.003,"M","LU","","","","O","818","52","0.2"
FL1707310019HYUS2P,"HY","AGR","2,4-dimethylphenyl formamide (2,4-DMPF)","F",0.007,0.003,"M","LU","","","","O","818","52","0.2"
FL1707310057HYUS2,"HY","AGR","2,4-dimethylphenyl formamide (2,4-DMPF)","F",0.014,0.003,"M","LU","","","","O","818","52","0.2"
FL1707310068HYUS2,"HY","AGR","2,4-dimethylphenyl formamide (2,4-DMPF)","F",0.045,0.003,"M","LU","","","","O","818","52","0.2"
FL1707310076HYUS2P,"HY","AGR","2,4-dimethylphenyl formamide (2,4-DMPF)","F",0.043,0.003,"M","LU","","","","O","818","52","0.2"
FL1707310091HYUS2P,"HY","AGR","2,4-dimethylphenyl formamide (2,4-DMPF)","F",0.082,0.003,"M","LU","","","","O","818","52","0.2"
FL1707310095HYUS2,"HY","AGR","2,4-dimethylphenyl formamide (2,4-DMPF)","F",0.01,0.003,"M","LU","","","","O","818","52","0.2"
FL1708280002HYUS2P,"HY","AGR","2,4-dimethylphenyl formamide (2,4-DMPF)","F",0.019,0.003,"M","LU","","","","O","818","52","0.2"
FL1708280002HYUS2P,"HY","ALG","Thymol","X",0.06,0.005,"M","GT","","","","O","818","35","EX"
FL1708280039HYUS2,"HY","AGR","2,4-dimethylphenyl formamide (2,4-DMPF)","F",0.005,0.003,"M","LU","","","","O","818","52","0.2"
FL1708280041HYUS2P,"HY","AGR","2,4-dimethylphenyl formamide (2,4-DMPF)","F",0.012,0.003,"M","LU","","","","O","818","52","0.2"
FL1708280041HYUS2P,"HY","ALG","Thymol","X",0.091,0.005,"M","GT","","","","O","818","35","EX"
FL1708280055HYUS2,"HY","AGR","2,4-dimethylphenyl formamide (2,4-DMPF)","F",0.004,0.003,"M","LU","","","","O","818","52","0.2"
FL1708280060HYUS2,"HY","AGR","2,4-dimethylphenyl formamide (2,4-DMPF)","F",0.013,0.003,"M","LU","","","","O","818","52","0.2"
FL1708280060HYUS2,"HY","ALG","Thymol","X",0.054,0.005,"M","GT","","","","O","818","35","EX"
FL1708280068HYUS2,"HY","AGR","2,4-dimethylphenyl formamide (2,4-DMPF)","F",0.046,0.003,"M","LU","","","","O","818","52","0.2"
FL1708280082HYUS2,"HY","AGR","2,4-dimethylphenyl formamide (2,4-DMPF)","F",0.079,0.003,"M","LU","","","","O","818","52","0.2"
FL1708280082HYUS2,"HY","ALG","Thymol","X",0.016,0.005,"M","GT","","","","O","818","35","EX"
MD1704260048HYUS2P,"HY","AGR","2,4-dimethylphenyl formamide (2,4-DMPF)","F",0.025,0.003,"M","LU","","","","O","818","52","0.2"
MD1704260048HYUS2P,"HY","ALG","Thymol","X",0.041,0.005,"M","GT","","","","O","818","35","EX"
MD1704260054HYUS2P,"HY","AGR","2,4-dimethylphenyl formamide (2,4-DMPF)","F",0.014,0.003,"M","LU","","","","O","818","52","0.2"
MD1704260055HYUS2P,"HY","AGR","2,4-dimethylphenyl formamide (2,4-DMPF)","F",0.02,0.003,"M","LU","","","","O","818","52","0.2"
MD1704260056HYUS2P,"HY","AGR","2,4-dimethylphenyl formamide (2,4-DMPF)","F",0.034,0.003,"M","LU","","","","O","818","52","0.2"
MD1704260056HYUS2P,"HY","ALG","Thymol","X",0.1,0.005,"M","GT","","","","O","818","35","EX"
MD1705240021HYUS2P,"HY","AGR","2,4-dimethylphenyl formamide (2,4-DMPF)","F",0.02,0.003,"M","LU","","","","O","818","52","0.2"
MD1705240021HYUS2P,"HY","ALG","Thymol","X",0.057,0.005,"M","GT","","","","O","818","35","EX"
MD1705240051HYUS2P,"HY","AGR","2,4-dimethylphenyl formamide (2,4-DMPF)","F",0.005,0.003,"M","LU","","","","O","818","52","0.2"
MD1705240052HYUS2P,"HY","AGR","2,4-dimethylphenyl formamide (2,4-DMPF)","F",0.008,0.003,"M","LU","","","","O","818","52","0.2"
MD1706280012HYUS2P,"HY","AGR","2,4-dimethylphenyl formamide (2,4-DMPF)","F",0.008,0.003,"M","LU","","","","O","818","52","0.2"
MD1706280036HYUS2P,"HY","AGR","2,4-dimethylphenyl formamide (2,4-DMPF)","F",0.007,0.003,"M","LU","","","","O","818","52","0.2"
MD1706280049HYUS2P,"HY","AGR","2,4-dimethylphenyl formamide (2,4-DMPF)","F",0.006,0.003,"M","LU","","","","O","818","52","0.2"
MD1706280053HYUS2P,"HY","AGR","2,4-dimethylphenyl formamide (2,4-DMPF)","F",0.026,0.003,"M","LU","","","","O","818","52","0.2"
MD1706280053HYUS2P,"HY","ALG","Thymol","X",0.135,0.005,"M","GT","","","","O","818","35","EX"
MD1707260033HYUS2P,"HY","AGR","2,4-dimethylphenyl formamide (2,4-DMPF)","F",0.006,0.003,"M","LU","","","","O","818","52","0.2"
MD1707260047HYUS2P,"HY","AGR","2,4-dimethylphenyl formamide (2,4-DMPF)","F",0.018,0.003,"M","LU","","","","O","818","52","0.2"
MD1707260055HYUS2P,"HY","AGR","2,4-dimethylphenyl formamide (2,4-DMPF)","F",0.008,0.003,"M","LU","","","","O","818","52","0.2"
MD1708300021HYUS2P,"HY","AGR","2,4-dimethylphenyl formamide (2,4-DMPF)","F",0.005,0.003,"M","LU","","","","O","818","52","0.2"
MD1708300033HYUS2P,"HY","AGR","2,4-dimethylphenyl formamide (2,4-DMPF)","F",0.016,0.003,"M","LU","","","","O","818","52","0.2"
MD1708300033HYUS2P,"HY","ALG","Thymol","X",0.212,0.005,"M","GT","","","","O","818","35","EX"
MD1708300036HYUS2P,"HY","AGR","2,4-dimethylphenyl formamide (2,4-DMPF)","F",0.007,0.003,"M","LU","","","","O","818","52","0.2"
MI1704250018HYUS2,"HY","AGR","2,4-dimethylphenyl formamide (2,4-DMPF)","F",0.019,0.003,"M","LU","","","","O","818","52","0.2"
MI1704250018HYUS2,"HY","ALG","Thymol","X",0.17,0.005,"M","GT","","","","O","818","35","EX"
MI1704250021HYUS2,"HY","AGR","2,4-dimethylphenyl formamide (2,4-DMPF)","F",0.006,0.003,"M","LU","","","","O","818","52","0.2"
MI1704250047HYUS2,"HY","AGR","2,4-dimethylphenyl formamide (2,4-DMPF)","F",0.006,0.003,"M","LU","","","","O","818","52","0.2"
MI1705230005HYUS2,"HY","AGR","2,4-dimethylphenyl formamide (2,4-DMPF)","F",0.004,0.003,"M","LU","","","","O","818","52","0.2"
MI1705230010HYUS2P,"HY","AGR","2,4-dimethylphenyl formamide (2,4-DMPF)","F",0.012,0.003,"M","LU","","","","O","818","52","0.2"
MI1705230027HYUS2,"HY","AGR","2,4-dimethylphenyl formamide (2,4-DMPF)","F",0.005,0.003,"M","LU","","","","O","818","52","0.2"
MI1705230047HYUS2,"HY","AGR","2,4-dimethylphenyl formamide (2,4-DMPF)","F",0.005,0.003,"M","LU","","","","O","818","52","0.2"
MI1705230103HYUS2,"HY","AGR","2,4-dimethylphenyl formamide (2,4-DMPF)","F",0.004,0.003,"M","LU","","","","O","818","52","0.2"
MI1706270005HYUS2,"HY","AGR","2,4-dimethylphenyl formamide (2,4-DMPF)","F",0.005,0.003,"M","LU","","","","O","818","52","0.2"
MI1706270021HYUS2,"HY","AGR","2,4-dimethylphenyl formamide (2,4-DMPF)","F",0.006,0.003,"M","LU","","","","O","818","52","0.2"
MI1706270027HYUS2,"HY","AGR","2,4-dimethylphenyl formamide (2,4-DMPF)","F",0.004,0.003,"M","LU","","","","O","818","52","0.2"
MI1706270047HYUS2,"HY","AGR","2,4-dimethylphenyl formamide (2,4-DMPF)","F",0.005,0.003,"M","LU","","","","O","818","52","0.2"
MI1706270088HYUS2P,"HY","AGR","2,4-dimethylphenyl formamide (2,4-DMPF)","F",0.011,0.003,"M","LU","","","","O","818","52","0.2"
MI1708010005HYUS2,"HY","AGR","2,4-dimethylphenyl formamide (2,4-DMPF)","F",0.005,0.003,"M","LU","","","","O","818","52","0.2"
MI1708010018HYUS2,"HY","AGR","2,4-dimethylphenyl formamide (2,4-DMPF)","F",0.01,0.003,"M","LU","","","","O","818","52","0.2"
MI1708010021HYUS2,"HY","AGR","2,4-dimethylphenyl formamide (2,4-DMPF)","F",0.062,0.003,"M","LU","","","","O","818","52","0.2"
MI1708010027HYUS2,"HY","AGR","2,4-dimethylphenyl formamide (2,4-DMPF)","F",0.007,0.003,"M","LU","","","","O","818","52","0.2"
MI1708010047HYUS2,"HY","AGR","2,4-dimethylphenyl formamide (2,4-DMPF)","F",0.006,0.003,"M","LU","","","","O","818","52","0.2"
MI1708010084HYUS2P,"HY","AGR","2,4-dimethylphenyl formamide (2,4-DMPF)","F",0.006,0.003,"M","LU","","","","O","818","52","0.2"
MI1708290021HYUS2,"HY","AGR","2,4-dimethylphenyl formamide (2,4-DMPF)","F",0.003,0.003,"M","LU","","","","O","818","52","0.2"
MI1708290027HYUS2,"HY","AGR","2,4-dimethylphenyl formamide (2,4-DMPF)","F",0.003,0.003,"M","LU","","","","O","818","52","0.2"
MI1708290056HYUS2,"HY","AGR","2,4-dimethylphenyl formamide (2,4-DMPF)","F",0.007,0.003,"M","LU","","","","O","818","52","0.2"
NC1704190551HYUS2A,"HY","AGR","2,4-dimethylphenyl formamide (2,4-DMPF)","F",0.006,0.003,"M","LU","","","","O","818","52","0.2"
NC1704190551HYUS2B,"HY","AGR","2,4-dimethylphenyl formamide (2,4-DMPF)","F",0.01,0.003,"M","LU","","","","O","818","52","0.2"
NC1704190560HYUS2A,"HY","AGR","2,4-dimethylphenyl formamide (2,4-DMPF)","F",0.013,0.003,"M","LU","","","","O","818","52","0.2"
NC1705170571HYUS2B,"HY","AGR","2,4-dimethylphenyl formamide (2,4-DMPF)","F",0.005,0.003,"M","LU","","","","O","818","52","0.2"
NC1705170586HYUS2A,"HY","AGR","2,4-dimethylphenyl formamide (2,4-DMPF)","F",0.01,0.003,"M","LU","","","","O","818","52","0.2"
NC1706210541HYUS2A,"HY","AGR","2,4-dimethylphenyl formamide (2,4-DMPF)","F",0.007,0.003,"M","LU","","","","O","818","52","0.2"
NC1706210541HYUS2B,"HY","AGR","2,4-dimethylphenyl formamide (2,4-DMPF)","F",0.003,0.003,"M","LU","","","","O","818","52","0.2"
NC1706210545HYUS2B,"HY","AGR","2,4-dimethylphenyl formamide (2,4-DMPF)","F",0.004,0.003,"M","LU","","","","O","818","52","0.2"
NC1707260508HYUS2A,"HY","AGR","2,4-dimethylphenyl formamide (2,4-DMPF)","F",0.005,0.003,"M","LU","","","","O","818","52","0.2"
NC1707260564HYUS2A,"HY","AGR","2,4-dimethylphenyl formamide (2,4-DMPF)","F",0.006,0.003,"M","LU","","","","O","818","52","0.2"
NC1708230549HYUS2A,"HY","ALG","Thymol","X",0.023,0.005,"M","GT","","","","O","818","35","EX"
NC1708230549HYUS2B,"HY","AGR","2,4-dimethylphenyl formamide (2,4-DMPF)","F",0.013,0.003,"M","LU","","","","O","818","52","0.2"
NC1708230574HYUS2A,"HY","AGR","2,4-dimethylphenyl formamide (2,4-DMPF)","F",0.009,0.003,"M","LU","","","","O","818","52","0.2"
NC1708230574HYUS2B,"HY","AGR","2,4-dimethylphenyl formamide (2,4-DMPF)","F",0.012,0.003,"M","LU","","","","O","818","52","0.2"
NY1704180076HYUS2P,"HY","AGR","2,4-dimethylphenyl formamide (2,4-DMPF)","F",0.018,0.003,"M","LU","","","","O","818","52","0.2"
NY1704180093HYUS2P,"HY","AGR","2,4-dimethylphenyl formamide (2,4-DMPF)","F",0.008,0.003,"M","LU","","","","O","818","52","0.2"
NY1704180135HYUS2P,"HY","AGR","2,4-dimethylphenyl formamide (2,4-DMPF)","F",0.011,0.003,"M","LU","","","","O","818","52","0.2"
NY1704180247HYUS2P,"HY","AGR","2,4-dimethylphenyl formamide (2,4-DMPF)","F",0.006,0.003,"M","LU","","","","O","818","52","0.2"
NY1704180267HYUS2P,"HY","AGR","2,4-dimethylphenyl formamide (2,4-DMPF)","F",0.021,0.003,"M","LU","","","","O","818","52","0.2"
NY1704180267HYUS2P,"HY","ALG","Thymol","X",0.007,0.005,"M","GT","","","","O","818","35","EX"
NY1705160141HYUS2P,"HY","666","Carbendazim (MBC)","B",0.005,0.005,"M","LU","","V","","O","818","52","NT"
NY1705160141HYUS2P,"HY","AGR","2,4-dimethylphenyl formamide (2,4-DMPF)","F",0.011,0.003,"M","LU","","","","O","818","52","0.2"
NY1705160226HYUS2P,"HY","AGR","2,4-dimethylphenyl formamide (2,4-DMPF)","F",0.016,0.003,"M","LU","","","","O","818","52","0.2"
NY1705160226HYUS2P,"HY","ALG","Thymol","X",0.037,0.005,"M","GT","","","","O","818","35","EX"
NY1705160276HYUS2P,"HY","AGR","2,4-dimethylphenyl formamide (2,4-DMPF)","F",0.005,0.003,"M","LU","","","","O","818","52","0.2"
NY1705160287HYUS2P,"HY","AGR","2,4-dimethylphenyl formamide (2,4-DMPF)","F",0.005,0.003,"M","LU","","","","O","818","52","0.2"
NY1705160292HYUS2P,"HY","AGR","2,4-dimethylphenyl formamide (2,4-DMPF)","F",0.029,0.003,"M","LU","","","","O","818","52","0.2"
NY1705160292HYUS2P,"HY","ALG","Thymol","X",0.062,0.005,"M","GT","","","","O","818","35","EX"
NY1706200082HYUS2P,"HY","AGR","2,4-dimethylphenyl formamide (2,4-DMPF)","F",0.006,0.003,"M","LU","","","","O","818","52","0.2"
NY1706200127HYUS2P,"HY","AGR","2,4-dimethylphenyl formamide (2,4-DMPF)","F",0.034,0.003,"M","LU","","","","O","818","52","0.2"
NY1706200142HYUS2P,"HY","AGR","2,4-dimethylphenyl formamide (2,4-DMPF)","F",0.011,0.003,"M","LU","","","","O","818","52","0.2"
NY1706200142HYUS2P,"HY","ALG","Thymol","X",0.062,0.005,"M","GT","","","","O","818","35","EX"
NY1706200145HYUS2P,"HY","AGR","2,4-dimethylphenyl formamide (2,4-DMPF)","F",0.012,0.003,"M","LU","","","","O","818","52","0.2"
NY1706200254HYUS2P,"HY","666","Carbendazim (MBC)","B",0.005,0.005,"M","LU","","V","","O","818","52","NT"
NY1706200254HYUS2P,"HY","AGR","2,4-dimethylphenyl formamide (2,4-DMPF)","F",0.012,0.003,"M","LU","","","","O","818","52","0.2"
NY1706200258HYUS2P,"HY","AGR","2,4-dimethylphenyl formamide (2,4-DMPF)","F",0.005,0.003,"M","LU","","","","O","818","52","0.2"
NY1706200260HYUS2P,"HY","AGR","2,4-dimethylphenyl formamide (2,4-DMPF)","F",0.037,0.003,"M","LU","","","","O","818","52","0.2"
NY1706200269HYUS2P,"HY","AGR","2,4-dimethylphenyl formamide (2,4-DMPF)","F",0.004,0.003,"M","LU","","","","O","818","52","0.2"
NY1706200269HYUS2P,"HY","ALG","Thymol","X",0.073,0.005,"M","GT","","","","O","818","35","EX"
NY1707250259HYUS2P,"HY","AGR","2,4-dimethylphenyl formamide (2,4-DMPF)","F",0.017,0.003,"M","LU","","","","O","818","52","0.2"
NY1707250260HYUS2P,"HY","AGR","2,4-dimethylphenyl formamide (2,4-DMPF)","F",0.013,0.003,"M","LU","","","","O","818","52","0.2"
NY1707250274HYUS2P,"HY","272","2,6-dichlorobenzamide","T",0.074,0.008,"M","LU","","V","","O","818","52","NT"
NY1707250274HYUS2P,"HY","AGR","2,4-dimethylphenyl formamide (2,4-DMPF)","F",0.039,0.003,"M","LU","","","","O","818","52","0.2"
NY1707250283HYUS2P,"HY","AGR","2,4-dimethylphenyl formamide (2,4-DMPF)","F",0.003,0.003,"M","LU","","","","O","818","52","0.2"
NY1708220071HYUS2P,"HY","AGR","2,4-dimethylphenyl formamide (2,4-DMPF)","F",0.012,0.003,"M","LU","","","","O","818","52","0.2"
NY1708220127HYUS2P,"HY","AGR","2,4-dimethylphenyl formamide (2,4-DMPF)","F",0.01,0.003,"M","LU","","","","O","818","52","0.2"
NY1708220127HYUS2P,"HY","ALG","Thymol","X",0.153,0.005,"M","GT","","","","O","818","35","EX"
NY1708220201HYUS2,"HY","AGR","2,4-dimethylphenyl formamide (2,4-DMPF)","F",0.036,0.003,"M","LU","","","","O","818","52","0.2"
NY1708220219HYUS2P,"HY","AGR","2,4-dimethylphenyl formamide (2,4-DMPF)","F",0.003,0.003,"M","LU","","","","O","818","52","0.2"
NY1708220268HYUS2P,"HY","AGR","2,4-dimethylphenyl formamide (2,4-DMPF)","F",0.011,0.003,"M","LU","","","","O","818","52","0.2"
NY1708220279HYUS2,"HY","AGR","2,4-dimethylphenyl formamide (2,4-DMPF)","F",0.014,0.003,"M","LU","","","","O","818","52","0.2"
OH1704240118HYUS2,"HY","AGR","2,4-dimethylphenyl formamide (2,4-DMPF)","F",0.01,0.003,"M","LU","","","","O","818","52","0.2"
OH1704240312HYUS2P,"HY","AGR","2,4-dimethylphenyl formamide (2,4-DMPF)","F",0.013,0.003,"M","LU","","","","O","818","52","0.2"
OH1704240312HYUS2P,"HY","ALG","Thymol","X",0.018,0.005,"M","GT","","","","O","818","35","EX"
OH1705220100HYUS2,"HY","AGR","2,4-dimethylphenyl formamide (2,4-DMPF)","F",0.01,0.003,"M","LU","","","","O","818","52","0.2"
OH1705220118HYUS2,"HY","AGR","2,4-dimethylphenyl formamide (2,4-DMPF)","F",0.005,0.003,"M","LU","","","","O","818","52","0.2"
OH1705220118HYUS2,"HY","ALG","Thymol","X",0.169,0.005,"M","GT","","","","O","818","35","EX"
OH1705220300HYUS2P,"HY","AGR","2,4-dimethylphenyl formamide (2,4-DMPF)","F",0.007,0.003,"M","LU","","","","O","818","52","0.2"
OH1705220306HYUS2P,"HY","AGR","2,4-dimethylphenyl formamide (2,4-DMPF)","F",0.006,0.003,"M","LU","","","","O","818","52","0.2"
OH1705220307HYUS2P,"HY","AGR","2,4-dimethylphenyl formamide (2,4-DMPF)","F",0.01,0.003,"M","LU","","","","O","818","52","0.2"
OH1705220312HYUS2P,"HY","AGR","2,4-dimethylphenyl formamide (2,4-DMPF)","F",0.008,0.003,"M","LU","","","","O","818","52","0.2"
OH1705220312HYUS2P,"HY","ALG","Thymol","X",0.009,0.005,"M","GT","","","","O","818","35","EX"
OH1706260212HYUS2P,"HY","AGR","2,4-dimethylphenyl formamide (2,4-DMPF)","F",0.004,0.003,"M","LU","","","","O","818","52","0.2"
OH1706260304HYUS2P,"HY","AGR","2,4-dimethylphenyl formamide (2,4-DMPF)","F",0.011,0.003,"M","LU","","","","O","818","52","0.2"
OH1706260304HYUS2P,"HY","ALG","Thymol","X",0.06,0.005,"M","GT","","","","O","818","35","EX"
OH1706260306HYUS2P,"HY","AGR","2,4-dimethylphenyl formamide (2,4-DMPF)","F",0.006,0.003,"M","LU","","","","O","818","52","0.2"
OH1706260307HYUS2P,"HY","AGR","2,4-dimethylphenyl formamide (2,4-DMPF)","F",0.019,0.003,"M","LU","","","","O","818","52","0.2"
OH1706260440HYUS2P,"HY","AGR","2,4-dimethylphenyl formamide (2,4-DMPF)","F",0.006,0.003,"M","LU","","","","O","818","52","0.2"
OH1707310202HYUS2P,"HY","AGR","2,4-dimethylphenyl formamide (2,4-DMPF)","F",0.019,0.003,"M","LU","","","","O","818","52","0.2"
OH1707310207HYUS2P,"HY","AGR","2,4-dimethylphenyl formamide (2,4-DMPF)","F",0.026,0.003,"M","LU","","","","O","818","52","0.2"
OH1707310422HYUS2,"HY","AGR","2,4-dimethylphenyl formamide (2,4-DMPF)","F",0.012,0.003,"M","LU","","","","O","818","52","0.2"
OH1707310440HYUS2P,"HY","AGR","2,4-dimethylphenyl formamide (2,4-DMPF)","F",0.004,0.003,"M","LU","","","","O","818","52","0.2"
OH1707310452HYUS2,"HY","AGR","2,4-dimethylphenyl formamide (2,4-DMPF)","F",0.006,0.003,"M","LU","","","","O","818","52","0.2"
OH1708280212HYUS2P,"HY","AGR","2,4-dimethylphenyl formamide (2,4-DMPF)","F",0.018,0.003,"M","LU","","","","O","818","52","0.2"
OH1708280419HYUS2,"HY","AGR","2,4-dimethylphenyl formamide (2,4-DMPF)","F",0.007,0.003,"M","LU","","","","O","818","52","0.2"
OH1708280450HYUS2P,"HY","AGR","2,4-dimethylphenyl formamide (2,4-DMPF)","F",0.009,0.003,"M","LU","","","","O","818","52","0.2"
OH1708280450HYUS2P,"HY","ALG","Thymol","X",0.123,0.005,"M","GT","","","","O","818","35","EX"
TX1704170020HYUS2,"HY","AGR","2,4-dimethylphenyl formamide (2,4-DMPF)","F",0.023,0.003,"M","LU","","","","O","818","52","0.2"
TX1704170103HYUS2,"HY","AGR","2,4-dimethylphenyl formamide (2,4-DMPF)","F",0.005,0.003,"M","LU","","","","O","818","52","0.2"
TX1704170107HYUS2,"HY","AGR","2,4-dimethylphenyl formamide (2,4-DMPF)","F",0.004,0.003,"M","LU","","","","O","818","52","0.2"
TX1704170201HYUS2,"HY","AGR","2,4-dimethylphenyl formamide (2,4-DMPF)","F",0.082,0.003,"M","LU","","","","O","818","52","0.2"
TX1704170405HYUS2,"HY","AGR","2,4-dimethylphenyl formamide (2,4-DMPF)","F",0.005,0.003,"M","LU","","","","O","818","52","0.2"
TX1704170419HYUS2P,"HY","AGR","2,4-dimethylphenyl formamide (2,4-DMPF)","F",0.007,0.003,"M","LU","","","","O","818","52","0.2"
TX1704170419HYUS2P,"HY","ALG","Thymol","X",0.017,0.005,"M","GT","","","","O","818","35","EX"
TX1704240105HYUS2,"HY","AGR","2,4-dimethylphenyl formamide (2,4-DMPF)","F",0.023,0.003,"M","LU","","","","O","818","52","0.2"
TX1704240105HYUS2,"HY","ALG","Thymol","X",0.011,0.005,"M","GT","","","","O","818","35","EX"
TX1705150020HYUS2,"HY","666","Carbendazim (MBC)","B",0.005,0.005,"M","LU","","V","","O","818","52","NT"
TX1705150020HYUS2,"HY","AGR","2,4-dimethylphenyl formamide (2,4-DMPF)","F",0.01,0.003,"M","LU","","","","O","818","52","0.2"
TX1705150103HYUS2P,"HY","AGR","2,4-dimethylphenyl formamide (2,4-DMPF)","F",0.01,0.003,"M","LU","","","","O","818","52","0.2"
TX1705150103HYUS2P,"HY","ALG","Thymol","X",0.007,0.005,"M","GT","","","","O","818","35","EX"
TX1705150105HYUS2P,"HY","AGR","2,4-dimethylphenyl formamide (2,4-DMPF)","F",0.008,0.003,"M","LU","","","","O","818","52","0.2"
TX1705150201HYUS2,"HY","AGR","2,4-dimethylphenyl formamide (2,4-DMPF)","F",0.004,0.003,"M","LU","","","","O","818","52","0.2"
TX1705150405HYUS2,"HY","AGR","2,4-dimethylphenyl formamide (2,4-DMPF)","F",0.004,0.003,"M","LU","","","","O","818","52","0.2"
TX1705150419HYUS2P,"HY","AGR","2,4-dimethylphenyl formamide (2,4-DMPF)","F",0.042,0.003,"M","LU","","","","O","818","52","0.2"
TX1705300216HYUS2P,"HY","AGR","2,4-dimethylphenyl formamide (2,4-DMPF)","F",0.028,0.003,"M","LU","","","","O","818","52","0.2"
TX1706190040HYUS2P,"HY","AGR","2,4-dimethylphenyl formamide (2,4-DMPF)","F",0.047,0.003,"M","LU","","","","O","818","52","0.2"
TX1706190103HYUS2P,"HY","AGR","2,4-dimethylphenyl formamide (2,4-DMPF)","F",0.003,0.003,"M","LU","","","","O","818","52","0.2"
TX1706190107HYUS2,"HY","AGR","2,4-dimethylphenyl formamide (2,4-DMPF)","F",0.012,0.003,"M","LU","","","","O","818","52","0.2"
TX1706190201HYUS2,"HY","272","2,6-dichlorobenzamide","T",0.02,0.008,"M","LU","","V","","O","818","52","NT"
TX1706190201HYUS2,"HY","AGR","2,4-dimethylphenyl formamide (2,4-DMPF)","F",0.034,0.003,"M","LU","","","","O","818","52","0.2"
TX1706190211HYUS2P,"HY","AGR","2,4-dimethylphenyl formamide (2,4-DMPF)","F",0.005,0.003,"M","LU","","","","O","818","52","0.2"
TX1706190406HYUS2,"HY","AGR","2,4-dimethylphenyl formamide (2,4-DMPF)","F",0.024,0.003,"M","LU","","","","O","818","52","0.2"
TX1706190409HYUS2,"HY","AGR","2,4-dimethylphenyl formamide (2,4-DMPF)","F",0.011,0.003,"M","LU","","","","O","818","52","0.2"
TX1706190425HYUS2,"HY","AGR","2,4-dimethylphenyl formamide (2,4-DMPF)","F",0.016,0.003,"M","LU","","","","O","818","52","0.2"
TX1706190425HYUS2,"HY","ALG","Thymol","X",0.019,0.005,"M","GT","","","","O","818","35","EX"
TX1707240020HYUS2P,"HY","AGR","2,4-dimethylphenyl formamide (2,4-DMPF)","F",0.012,0.003,"M","LU","","","","O","818","52","0.2"
TX1707240103HYUS2P,"HY","AGR","2,4-dimethylphenyl formamide (2,4-DMPF)","F",0.004,0.003,"M","LU","","","","O","818","52","0.2"
TX1707240107HYUS2,"HY","AGR","2,4-dimethylphenyl formamide (2,4-DMPF)","F",0.017,0.003,"M","LU","","","","O","818","52","0.2"
TX1707240201HYUS2,"HY","AGR","2,4-dimethylphenyl formamide (2,4-DMPF)","F",0.008,0.003,"M","LU","","","","O","818","52","0.2"
TX1707240211HYUS2P,"HY","AGR","2,4-dimethylphenyl formamide (2,4-DMPF)","F",0.018,0.003,"M","LU","","","","O","818","52","0.2"
TX1707240406HYUS2,"HY","AGR","2,4-dimethylphenyl formamide (2,4-DMPF)","F",0.013,0.003,"M","LU","","","","O","818","52","0.2"
TX1707240425HYUS2,"HY","AGR","2,4-dimethylphenyl formamide (2,4-DMPF)","F",0.008,0.003,"M","LU","","","","O","818","52","0.2"
TX1708210020HYUS2,"HY","AGR","2,4-dimethylphenyl formamide (2,4-DMPF)","F",0.007,0.003,"M","LU","","","","O","818","52","0.2"
TX1708210020HYUS2,"HY","ALG","Thymol","X",0.016,0.005,"M","GT","","","","O","818","35","EX"
TX1708210103HYUS2P,"HY","AGR","2,4-dimethylphenyl formamide (2,4-DMPF)","F",0.008,0.003,"M","LU","","","","O","818","52","0.2"
TX1708210105HYUS2,"HY","AGR","2,4-dimethylphenyl formamide (2,4-DMPF)","F",0.009,0.003,"M","LU","","","","O","818","52","0.2"
TX1708210105HYUS2,"HY","ALG","Thymol","X",0.046,0.005,"M","GT","","","","O","818","35","EX"
TX1708210107HYUS2,"HY","AGR","2,4-dimethylphenyl formamide (2,4-DMPF)","F",0.019,0.003,"M","LU","","","","O","818","52","0.2"
TX1708210107HYUS2,"HY","ALG","Thymol","X",0.114,0.005,"M","GT","","","","O","818","35","EX"
TX1708210201HYUS2,"HY","AGR","2,4-dimethylphenyl formamide (2,4-DMPF)","F",0.038,0.003,"M","LU","","","","O","818","52","0.2"
TX1708210216HYUS2P,"HY","AGR","2,4-dimethylphenyl formamide (2,4-DMPF)","F",0.034,0.003,"M","LU","","","","O","818","52","0.2"
WA1704240002HYUS2P,"HY","AGR","2,4-dimethylphenyl formamide (2,4-DMPF)","F",0.051,0.003,"M","LU","","","","O","818","52","0.2"
WA1704240004HYUS2,"HY","AGR","2,4-dimethylphenyl formamide (2,4-DMPF)","F",0.041,0.003,"M","LU","","","","O","818","52","0.2"
WA1704240031HYUS2P,"HY","AGR","2,4-dimethylphenyl formamide (2,4-DMPF)","F",0.024,0.003,"M","LU","","","","O","818","52","0.2"
WA1704240033HYUS2P,"HY","AGR","2,4-dimethylphenyl formamide (2,4-DMPF)","F",0.021,0.003,"M","LU","","","","O","818","52","0.2"
WA1704240033HYUS2P,"HY","ALG","Thymol","X",0.01,0.005,"M","GT","","","","O","818","35","EX"
WA1705220008HYUS2P,"HY","AGR","2,4-dimethylphenyl formamide (2,4-DMPF)","F",0.034,0.003,"M","LU","","","","O","818","52","0.2"
WA1705220033HYUS2P,"HY","AGR","2,4-dimethylphenyl formamide (2,4-DMPF)","F",0.008,0.003,"M","LU","","","","O","818","52","0.2"
WA1706260023HYUS2,"HY","AGR","2,4-dimethylphenyl formamide (2,4-DMPF)","F",0.007,0.003,"M","LU","","","","O","818","52","0.2"
WA1706260030HYUS2P,"HY","AGR","2,4-dimethylphenyl formamide (2,4-DMPF)","F",0.005,0.003,"M","LU","","","","O","818","52","0.2"
WA1706260033HYUS2P,"HY","AGR","2,4-dimethylphenyl formamide (2,4-DMPF)","F",0.019,0.003,"M","LU","","","","O","818","52","0.2"
WA1707310011HYUS2,"HY","AGR","2,4-dimethylphenyl formamide (2,4-DMPF)","F",0.006,0.003,"M","LU","","","","O","818","52","0.2"
WA1707310031HYUS2P,"HY","AGR","2,4-dimethylphenyl formamide (2,4-DMPF)","F",0.024,0.003,"M","LU","","","","O","818","52","0.2"
WA1707310033HYUS2P,"HY","AGR","2,4-dimethylphenyl formamide (2,4-DMPF)","F",0.019,0.003,"M","LU","","","","O","818","52","0.2"
WA1707310034HYUS2,"HY","AGR","2,4-dimethylphenyl formamide (2,4-DMPF)","F",0.009,0.003,"M","LU","","","","O","818","52","0.2"
WA1708280002HYUS2P,"HY","AGR","2,4-dimethylphenyl formamide (2,4-DMPF)","F",0.051,0.003,"M","LU","","","","O","818","52","0.2"
WA1708280002HYUS2P,"HY","ALG","Thymol","X",0.02,0.005,"M","GT","","","","O","818","35","EX"
WA1708280004HYUS2,"HY","AGR","2,4-dimethylphenyl formamide (2,4-DMPF)","F",0.021,0.003,"M","LU","","","","O","818","52","0.2"
WA1708280031HYUS2P,"HY","AGR","2,4-dimethylphenyl formamide (2,4-DMPF)","F",0.011,0.003,"M","LU","","","","O","818","52","0.2"
WA1708280034HYUS2,"HY","AGR","2,4-dimethylphenyl formamide (2,4-DMPF)","F",0.003,0.003,"M","LU","","","","O","818","52","0.2"
