"Program","Year","Period","Week Ending","Geo Level","State","State ANSI","Ag District","Ag District Code","County","County ANSI","Zip Code","Region","watershed_code","Watershed","Commodity","Data Item","Domain","Domain Category","Value","CV (%)"
"CENSUS","2017","YEAR","","STATE","ALABAMA","01","","","","","","","00000000","","HONEY","HONEY - PRODUCTION, MEASURED IN LB","TOTAL","NOT SPECIFIED","381,085","19.3"
"CENSUS","2017","YEAR","","STATE","ALASKA","02","","","","","","","00000000","","HONEY","HONEY - PRODUCTION, MEASURED IN LB","TOTAL","NOT SPECIFIED","31,070","6.2"
"CENSUS","2017","YEAR","","STATE","ARIZONA","04","","","","","","","00000000","","HONEY","HONEY - PRODUCTION, MEASURED IN LB","TOTAL","NOT SPECIFIED","1,191,576","13.7"
"CENSUS","2017","YEAR","","STATE","ARKANSAS","05","","","","","","","00000000","","HONEY","HONEY - PRODUCTION, MEASURED IN LB","TOTAL","NOT SPECIFIED","2,108,889","5.3"
"CENSUS","2017","YEAR","","STATE","CALIFORNIA","06","","","","","","","00000000","","HONEY","HONEY - PRODUCTION, MEASURED IN LB","TOTAL","NOT SPECIFIED","15,149,061","15.2"
"CENSUS","2017","YEAR","","STATE","COLORADO","08","","","","","","","00000000","","HONEY","HONEY - PRODUCTION, MEASURED IN LB","TOTAL","NOT SPECIFIED","1,439,913","6.8"
"CENSUS","2017","YEAR","","STATE","CONNECTICUT","09","","","","","","","00000000","","HONEY","HONEY - PRODUCTION, MEASURED IN LB","TOTAL","NOT SPECIFIED","199,631","21.2"
"CENSUS","2017","YEAR","","STATE","DELAWARE","10","","","","","","","00000000","","HONEY","HONEY - PRODUCTION, MEASURED IN LB","TOTAL","NOT SPECIFIED","4,359","(H)"
"CENSUS","2017","YEAR","","STATE","FLORIDA","12","","","","","","","00000000","","HONEY","HONEY - PRODUCTION, MEASURED IN LB","TOTAL","NOT SPECIFIED","9,560,381","10.3"
"CENSUS","2017","YEAR","","STATE","GEORGIA","13","","","","","","","00000000","","HONEY","HONEY - PRODUCTION, MEASURED IN LB","TOTAL","NOT SPECIFIED","3,014,938","7.0"
"CENSUS","2017","YEAR","","STATE","HAWAII","15","","","","","","","00000000","","HONEY","HONEY - PRODUCTION, MEASURED IN LB","TOTAL","NOT SPECIFIED","2,668,107","10.4"
"CENSUS","2017","YEAR","","STATE","IDAHO","16","","","","","","","00000000","","HONEY","HONEY - PRODUCTION, MEASURED IN LB","TOTAL","NOT SPECIFIED","4,481,733","9.4"
"CENSUS","2017","YEAR","","STATE","ILLINOIS","17","","","","","","","00000000","","HONEY","HONEY - PRODUCTION, MEASURED IN LB","TOTAL","NOT SPECIFIED","486,533","12.4"
"CENSUS","2017","YEAR","","STATE","INDIANA","18","","","","","","","00000000","","HONEY","HONEY - PRODUCTION, MEASURED IN LB","TOTAL","NOT SPECIFIED","518,857","9.9"
"CENSUS","2017","YEAR","","STATE","IOWA","19","","","","","","","00000000","","HONEY","HONEY - PRODUCTION, MEASURED IN LB","TOTAL","NOT SPECIFIED","1,982,563","4.1"
"CENSUS","2017","YEAR","","STATE","KANSAS","20","","","","","","","00000000","","HONEY","HONEY - PRODUCTION, MEASURED IN LB","TOTAL","NOT SPECIFIED","443,738","25.6"
"CENSUS","2017","YEAR","","STATE","KENTUCKY","21","","","","","","","00000000","","HONEY","HONEY - PRODUCTION, MEASURED IN LB","TOTAL","NOT SPECIFIED","344,614","10.4"
"CENSUS","2017","YEAR","","STATE","LOUISIANA","22","","","","","","","00000000","","HONEY","HONEY - PRODUCTION, MEASURED IN LB","TOTAL","NOT SPECIFIED","3,427,531","12.4"
"CENSUS","2017","YEAR","","STATE","MAINE","23","","","","","","","00000000","","HONEY","HONEY - PRODUCTION, MEASURED IN LB","TOTAL","NOT SPECIFIED","373,717","14.2"
"CENSUS","2017","YEAR","","STATE","MARYLAND","24","","","","","","","00000000","","HONEY","HONEY - PRODUCTION, MEASURED IN LB","TOTAL","NOT SPECIFIED","167,130","13.7"
"CENSUS","2017","YEAR","","STATE","MASSACHUSETTS","25","","","","","","","00000000","","HONEY","HONEY - PRODUCTION, MEASURED IN LB","TOTAL","NOT SPECIFIED","258,263","16.0"
"CENSUS","2017","YEAR","","STATE","MICHIGAN","26","","","","","","","00000000","","HONEY","HONEY - PRODUCTION, MEASURED IN LB","TOTAL","NOT SPECIFIED","4,591,286","29.9"
"CENSUS","2017","YEAR","","STATE","MINNESOTA","27","","","","","","","00000000","","HONEY","HONEY - PRODUCTION, MEASURED IN LB","TOTAL","NOT SPECIFIED","7,653,535","9.2"
"CENSUS","2017","YEAR","","STATE","MISSISSIPPI","28","","","","","","","00000000","","HONEY","HONEY - PRODUCTION, MEASURED IN LB","TOTAL","NOT SPECIFIED","1,460,497","9.5"
"CENSUS","2017","YEAR","","STATE","MISSOURI","29","","","","","","","00000000","","HONEY","HONEY - PRODUCTION, MEASURED IN LB","TOTAL","NOT SPECIFIED","655,849","9.2"
"CENSUS","2017","YEAR","","STATE","MONTANA","30","","","","","","","00000000","","HONEY","HONEY - PRODUCTION, MEASURED IN LB","TOTAL","NOT SPECIFIED","11,609,849","18.5"
"CENSUS","2017","YEAR","","STATE","NEBRASKA","31","","","","","","","00000000","","HONEY","HONEY - PRODUCTION, MEASURED IN LB","TOTAL","NOT SPECIFIED","2,629,291","7.2"
"CENSUS","2017","YEAR","","STATE","NEVADA","32","","","","","","","00000000","","HONEY","HONEY - PRODUCTION, MEASURED IN LB","TOTAL","NOT SPECIFIED","123,516","5.6"
"CENSUS","2017","YEAR","","STATE","NEW HAMPSHIRE","33","","","","","","","00000000","","HONEY","HONEY - PRODUCTION, MEASURED IN LB","TOTAL","NOT SPECIFIED","81,538","17.5"
"CENSUS","2017","YEAR","","STATE","NEW JERSEY","34","","","","","","","00000000","","HONEY","HONEY - PRODUCTION, MEASURED IN LB","TOTAL","NOT SPECIFIED","488,281","9.2"
"CENSUS","2017","YEAR","","STATE","NEW MEXICO","35","","","","","","","00000000","","HONEY","HONEY - PRODUCTION, MEASURED IN LB","TOTAL","NOT SPECIFIED","311,818","11.4"
"CENSUS","2017","YEAR","","STATE","NEW YORK","36","","","","","","","00000000","","HONEY","HONEY - PRODUCTION, MEASURED IN LB","TOTAL","NOT SPECIFIED","3,046,315","13.7"
"CENSUS","2017","YEAR","","STATE","NORTH CAROLINA","37","","","","","","","00000000","","HONEY","HONEY - PRODUCTION, MEASURED IN LB","TOTAL","NOT SPECIFIED","641,811","17.3"
"CENSUS","2017","YEAR","","STATE","NORTH DAKOTA","38","","","","","","","00000000","","HONEY","HONEY - PRODUCTION, MEASURED IN LB","TOTAL","NOT SPECIFIED","33,675,273","10.0"
"CENSUS","2017","YEAR","","STATE","OHIO","39","","","","","","","00000000","","HONEY","HONEY - PRODUCTION, MEASURED IN LB","TOTAL","NOT SPECIFIED","1,091,292","6.1"
"CENSUS","2017","YEAR","","STATE","OKLAHOMA","40","","","","","","","00000000","","HONEY","HONEY - PRODUCTION, MEASURED IN LB","TOTAL","NOT SPECIFIED","149,116","33.3"
"CENSUS","2017","YEAR","","STATE","OREGON","41","","","","","","","00000000","","HONEY","HONEY - PRODUCTION, MEASURED IN LB","TOTAL","NOT SPECIFIED","3,041,234","20.6"
"CENSUS","2017","YEAR","","STATE","PENNSYLVANIA","42","","","","","","","00000000","","HONEY","HONEY - PRODUCTION, MEASURED IN LB","TOTAL","NOT SPECIFIED","811,394","8.6"
"CENSUS","2017","YEAR","","STATE","RHODE ISLAND","44","","","","","","","00000000","","HONEY","HONEY - PRODUCTION, MEASURED IN LB","TOTAL","NOT SPECIFIED","54,173","8.2"
"CENSUS","2017","YEAR","","STATE","SOUTH CAROLINA","45","","","","","","","00000000","","HONEY","HONEY - PRODUCTION, MEASURED IN LB","TOTAL","NOT SPECIFIED","532,866","19.1"
"CENSUS","2017","YEAR","","STATE","SOUTH DAKOTA","46","","","","","","","00000000","","HONEY","HONEY - PRODUCTION, MEASURED IN LB","TOTAL","NOT SPECIFIED","12,945,874","13.4"
"CENSUS","2017","YEAR","","STATE","TENNESSEE","47","","","","","","","00000000","","HONEY","HONEY - PRODUCTION, MEASURED IN LB","TOTAL","NOT SPECIFIED","524,051","12.0"
"CENSUS","2017","YEAR","","STATE","TEXAS","48","","","","","","","00000000","","HONEY","HONEY - PRODUCTION, MEASURED IN LB","TOTAL","NOT SPECIFIED","5,689,241","37.1"
"CENSUS","2017","YEAR","","STATE","UTAH","49","","","","","","","00000000","","HONEY","HONEY - PRODUCTION, MEASURED IN LB","TOTAL","NOT SPECIFIED","943,774","7.0"
"CENSUS","2017","YEAR","","STATE","VERMONT","50","","","","","","","00000000","","HONEY","HONEY - PRODUCTION, MEASURED IN LB","TOTAL","NOT SPECIFIED","436,475","11.8"
"CENSUS","2017","YEAR","","STATE","VIRGINIA","51","","","","","","","00000000","","HONEY","HONEY - PRODUCTION, MEASURED IN LB","TOTAL","NOT SPECIFIED","281,605","6.3"
"CENSUS","2017","YEAR","","STATE","WASHINGTON","53","","","","","","","00000000","","HONEY","HONEY - PRODUCTION, MEASURED IN LB","TOTAL","NOT SPECIFIED","2,874,892","46.3"
"CENSUS","2017","YEAR","","STATE","WEST VIRGINIA","54","","","","","","","00000000","","HONEY","HONEY - PRODUCTION, MEASURED IN LB","TOTAL","NOT SPECIFIED","330,128","13.4"
"CENSUS","2017","YEAR","","STATE","WISCONSIN","55","","","","","","","00000000","","HONEY","HONEY - PRODUCTION, MEASURED IN LB","TOTAL","NOT SPECIFIED","2,969,826","7.5"
"CENSUS","2017","YEAR","","STATE","WYOMING","56","","","","","","","00000000","","HONEY","HONEY - PRODUCTION, MEASURED IN LB","TOTAL","NOT SPECIFIED","1,697,296","12.2"
"CENSUS","2012","YEAR","","STATE","ALABAMA","01","","","","","","","00000000","","HONEY","HONEY - PRODUCTION, MEASURED IN LB","TOTAL","NOT SPECIFIED","413,054","12.4"
"CENSUS","2012","YEAR","","STATE","ALASKA","02","","","","","","","00000000","","HONEY","HONEY - PRODUCTION, MEASURED IN LB","TOTAL","NOT SPECIFIED","32,623","1.6"
"CENSUS","2012","YEAR","","STATE","ARIZONA","04","","","","","","","00000000","","HONEY","HONEY - PRODUCTION, MEASURED IN LB","TOTAL","NOT SPECIFIED","1,819,300","67.7"
"CENSUS","2012","YEAR","","STATE","ARKANSAS","05","","","","","","","00000000","","HONEY","HONEY - PRODUCTION, MEASURED IN LB","TOTAL","NOT SPECIFIED","1,488,986","3.1"
"CENSUS","2012","YEAR","","STATE","CALIFORNIA","06","","","","","","","00000000","","HONEY","HONEY - PRODUCTION, MEASURED IN LB","TOTAL","NOT SPECIFIED","12,088,653","12.1"
"CENSUS","2012","YEAR","","STATE","COLORADO","08","","","","","","","00000000","","HONEY","HONEY - PRODUCTION, MEASURED IN LB","TOTAL","NOT SPECIFIED","1,271,243","33.6"
"CENSUS","2012","YEAR","","STATE","CONNECTICUT","09","","","","","","","00000000","","HONEY","HONEY - PRODUCTION, MEASURED IN LB","TOTAL","NOT SPECIFIED","155,991","35.6"
"CENSUS","2012","YEAR","","STATE","DELAWARE","10","","","","","","","00000000","","HONEY","HONEY - PRODUCTION, MEASURED IN LB","TOTAL","NOT SPECIFIED","7,060","32.2"
"CENSUS","2012","YEAR","","STATE","FLORIDA","12","","","","","","","00000000","","HONEY","HONEY - PRODUCTION, MEASURED IN LB","TOTAL","NOT SPECIFIED","11,145,626","8.0"
"CENSUS","2012","YEAR","","STATE","GEORGIA","13","","","","","","","00000000","","HONEY","HONEY - PRODUCTION, MEASURED IN LB","TOTAL","NOT SPECIFIED","2,999,818","4.4"
"CENSUS","2012","YEAR","","STATE","HAWAII","15","","","","","","","00000000","","HONEY","HONEY - PRODUCTION, MEASURED IN LB","TOTAL","NOT SPECIFIED","591,628","5.7"
"CENSUS","2012","YEAR","","STATE","IDAHO","16","","","","","","","00000000","","HONEY","HONEY - PRODUCTION, MEASURED IN LB","TOTAL","NOT SPECIFIED","2,760,492","13.9"
"CENSUS","2012","YEAR","","STATE","ILLINOIS","17","","","","","","","00000000","","HONEY","HONEY - PRODUCTION, MEASURED IN LB","TOTAL","NOT SPECIFIED","438,029","24.7"
"CENSUS","2012","YEAR","","STATE","INDIANA","18","","","","","","","00000000","","HONEY","HONEY - PRODUCTION, MEASURED IN LB","TOTAL","NOT SPECIFIED","593,489","5.1"
"CENSUS","2012","YEAR","","STATE","IOWA","19","","","","","","","00000000","","HONEY","HONEY - PRODUCTION, MEASURED IN LB","TOTAL","NOT SPECIFIED","2,098,870","13.8"
"CENSUS","2012","YEAR","","STATE","KANSAS","20","","","","","","","00000000","","HONEY","HONEY - PRODUCTION, MEASURED IN LB","TOTAL","NOT SPECIFIED","388,758","37.4"
"CENSUS","2012","YEAR","","STATE","KENTUCKY","21","","","","","","","00000000","","HONEY","HONEY - PRODUCTION, MEASURED IN LB","TOTAL","NOT SPECIFIED","344,306","7.1"
"CENSUS","2012","YEAR","","STATE","LOUISIANA","22","","","","","","","00000000","","HONEY","HONEY - PRODUCTION, MEASURED IN LB","TOTAL","NOT SPECIFIED","3,055,249","44.5"
"CENSUS","2012","YEAR","","STATE","MAINE","23","","","","","","","00000000","","HONEY","HONEY - PRODUCTION, MEASURED IN LB","TOTAL","NOT SPECIFIED","411,832","54.7"
"CENSUS","2012","YEAR","","STATE","MARYLAND","24","","","","","","","00000000","","HONEY","HONEY - PRODUCTION, MEASURED IN LB","TOTAL","NOT SPECIFIED","114,631","9.5"
"CENSUS","2012","YEAR","","STATE","MASSACHUSETTS","25","","","","","","","00000000","","HONEY","HONEY - PRODUCTION, MEASURED IN LB","TOTAL","NOT SPECIFIED","123,434","33.3"
"CENSUS","2012","YEAR","","STATE","MICHIGAN","26","","","","","","","00000000","","HONEY","HONEY - PRODUCTION, MEASURED IN LB","TOTAL","NOT SPECIFIED","3,973,247","5.4"
"CENSUS","2012","YEAR","","STATE","MINNESOTA","27","","","","","","","00000000","","HONEY","HONEY - PRODUCTION, MEASURED IN LB","TOTAL","NOT SPECIFIED","8,489,410","2.0"
"CENSUS","2012","YEAR","","STATE","MISSISSIPPI","28","","","","","","","00000000","","HONEY","HONEY - PRODUCTION, MEASURED IN LB","TOTAL","NOT SPECIFIED","2,858,769","55.7"
"CENSUS","2012","YEAR","","STATE","MISSOURI","29","","","","","","","00000000","","HONEY","HONEY - PRODUCTION, MEASURED IN LB","TOTAL","NOT SPECIFIED","513,441","3.9"
"CENSUS","2012","YEAR","","STATE","MONTANA","30","","","","","","","00000000","","HONEY","HONEY - PRODUCTION, MEASURED IN LB","TOTAL","NOT SPECIFIED","7,906,649","24.0"
"CENSUS","2012","YEAR","","STATE","NEBRASKA","31","","","","","","","00000000","","HONEY","HONEY - PRODUCTION, MEASURED IN LB","TOTAL","NOT SPECIFIED","3,346,370","60.1"
"CENSUS","2012","YEAR","","STATE","NEVADA","32","","","","","","","00000000","","HONEY","HONEY - PRODUCTION, MEASURED IN LB","TOTAL","NOT SPECIFIED","363,787","44.1"
"CENSUS","2012","YEAR","","STATE","NEW HAMPSHIRE","33","","","","","","","00000000","","HONEY","HONEY - PRODUCTION, MEASURED IN LB","TOTAL","NOT SPECIFIED","94,679","44.8"
"CENSUS","2012","YEAR","","STATE","NEW JERSEY","34","","","","","","","00000000","","HONEY","HONEY - PRODUCTION, MEASURED IN LB","TOTAL","NOT SPECIFIED","579,738","1.2"
"CENSUS","2012","YEAR","","STATE","NEW MEXICO","35","","","","","","","00000000","","HONEY","HONEY - PRODUCTION, MEASURED IN LB","TOTAL","NOT SPECIFIED","446,013","27.4"
"CENSUS","2012","YEAR","","STATE","NEW YORK","36","","","","","","","00000000","","HONEY","HONEY - PRODUCTION, MEASURED IN LB","TOTAL","NOT SPECIFIED","3,490,482","3.8"
"CENSUS","2012","YEAR","","STATE","NORTH CAROLINA","37","","","","","","","00000000","","HONEY","HONEY - PRODUCTION, MEASURED IN LB","TOTAL","NOT SPECIFIED","707,430","40.0"
"CENSUS","2012","YEAR","","STATE","NORTH DAKOTA","38","","","","","","","00000000","","HONEY","HONEY - PRODUCTION, MEASURED IN LB","TOTAL","NOT SPECIFIED","29,193,610","21.3"
"CENSUS","2012","YEAR","","STATE","OHIO","39","","","","","","","00000000","","HONEY","HONEY - PRODUCTION, MEASURED IN LB","TOTAL","NOT SPECIFIED","1,077,414","9.2"
"CENSUS","2012","YEAR","","STATE","OKLAHOMA","40","","","","","","","00000000","","HONEY","HONEY - PRODUCTION, MEASURED IN LB","TOTAL","NOT SPECIFIED","86,894","54.9"
"CENSUS","2012","YEAR","","STATE","OREGON","41","","","","","","","00000000","","HONEY","HONEY - PRODUCTION, MEASURED IN LB","TOTAL","NOT SPECIFIED","1,911,402","6.0"
"CENSUS","2012","YEAR","","STATE","PENNSYLVANIA","42","","","","","","","00000000","","HONEY","HONEY - PRODUCTION, MEASURED IN LB","TOTAL","NOT SPECIFIED","819,689","10.5"
"CENSUS","2012","YEAR","","STATE","RHODE ISLAND","44","","","","","","","00000000","","HONEY","HONEY - PRODUCTION, MEASURED IN LB","TOTAL","NOT SPECIFIED","21,379","32.5"
"CENSUS","2012","YEAR","","STATE","SOUTH CAROLINA","45","","","","","","","00000000","","HONEY","HONEY - PRODUCTION, MEASURED IN LB","TOTAL","NOT SPECIFIED","461,123","42.7"
"CENSUS","2012","YEAR","","STATE","SOUTH DAKOTA","46","","","","","","","00000000","","HONEY","HONEY - PRODUCTION, MEASURED IN LB","TOTAL","NOT SPECIFIED","15,976,650","5.2"
"CENSUS","2012","YEAR","","STATE","TENNESSEE","47","","","","","","","00000000","","HONEY","HONEY - PRODUCTION, MEASURED IN LB","TOTAL","NOT SPECIFIED","481,862","8.5"
"CENSUS","2012","YEAR","","STATE","TEXAS","48","","","","","","","00000000","","HONEY","HONEY - PRODUCTION, MEASURED IN LB","TOTAL","NOT SPECIFIED","6,292,632","17.5"
"CENSUS","2012","YEAR","","STATE","UTAH","49","","","","","","","00000000","","HONEY","HONEY - PRODUCTION, MEASURED IN LB","TOTAL","NOT SPECIFIED","904,304","2.3"
"CENSUS","2012","YEAR","","STATE","VERMONT","50","","","","","","","00000000","","HONEY","HONEY - PRODUCTION, MEASURED IN LB","TOTAL","NOT SPECIFIED","422,983","25.5"
"CENSUS","2012","YEAR","","STATE","VIRGINIA","51","","","","","","","00000000","","HONEY","HONEY - PRODUCTION, MEASURED IN LB","TOTAL","NOT SPECIFIED","317,058","8.3"
"CENSUS","2012","YEAR","","STATE","WASHINGTON","53","","","","","","","00000000","","HONEY","HONEY - PRODUCTION, MEASURED IN LB","TOTAL","NOT SPECIFIED","2,267,253","15.1"
"CENSUS","2012","YEAR","","STATE","WEST VIRGINIA","54","","","","","","","00000000","","HONEY","HONEY - PRODUCTION, MEASURED IN LB","TOTAL","NOT SPECIFIED","326,048","4.4"
"CENSUS","2012","YEAR","","STATE","WISCONSIN","55","","","","","","","00000000","","HONEY","HONEY - PRODUCTION, MEASURED IN LB","TOTAL","NOT SPECIFIED","4,308,560","3.5"
"CENSUS","2012","YEAR","","STATE","WYOMING","56","","","","","","","00000000","","HONEY","HONEY - PRODUCTION, MEASURED IN LB","TOTAL","NOT SPECIFIED","3,034,941","61.0"
"CENSUS","2007","YEAR","","STATE","ALABAMA","01","","","","","","","00000000","","HONEY","HONEY - PRODUCTION, MEASURED IN LB","TOTAL","NOT SPECIFIED","686,272",""
"CENSUS","2007","YEAR","","STATE","ALASKA","02","","","","","","","00000000","","HONEY","HONEY - PRODUCTION, MEASURED IN LB","TOTAL","NOT SPECIFIED","12,968",""
"CENSUS","2007","YEAR","","STATE","ARIZONA","04","","","","","","","00000000","","HONEY","HONEY - PRODUCTION, MEASURED IN LB","TOTAL","NOT SPECIFIED","1,802,329",""
"CENSUS","2007","YEAR","","STATE","ARKANSAS","05","","","","","","","00000000","","HONEY","HONEY - PRODUCTION, MEASURED IN LB","TOTAL","NOT SPECIFIED","2,381,301",""
"CENSUS","2007","YEAR","","STATE","CALIFORNIA","06","","","","","","","00000000","","HONEY","HONEY - PRODUCTION, MEASURED IN LB","TOTAL","NOT SPECIFIED","15,059,214",""
"CENSUS","2007","YEAR","","STATE","COLORADO","08","","","","","","","00000000","","HONEY","HONEY - PRODUCTION, MEASURED IN LB","TOTAL","NOT SPECIFIED","1,538,894",""
"CENSUS","2007","YEAR","","STATE","CONNECTICUT","09","","","","","","","00000000","","HONEY","HONEY - PRODUCTION, MEASURED IN LB","TOTAL","NOT SPECIFIED","143,092",""
"CENSUS","2007","YEAR","","STATE","DELAWARE","10","","","","","","","00000000","","HONEY","HONEY - PRODUCTION, MEASURED IN LB","TOTAL","NOT SPECIFIED","5,414",""
"CENSUS","2007","YEAR","","STATE","FLORIDA","12","","","","","","","00000000","","HONEY","HONEY - PRODUCTION, MEASURED IN LB","TOTAL","NOT SPECIFIED","10,657,946",""
"CENSUS","2007","YEAR","","STATE","GEORGIA","13","","","","","","","00000000","","HONEY","HONEY - PRODUCTION, MEASURED IN LB","TOTAL","NOT SPECIFIED","3,431,963",""
"CENSUS","2007","YEAR","","STATE","HAWAII","15","","","","","","","00000000","","HONEY","HONEY - PRODUCTION, MEASURED IN LB","TOTAL","NOT SPECIFIED","919,104",""
"CENSUS","2007","YEAR","","STATE","IDAHO","16","","","","","","","00000000","","HONEY","HONEY - PRODUCTION, MEASURED IN LB","TOTAL","NOT SPECIFIED","3,750,561",""
"CENSUS","2007","YEAR","","STATE","ILLINOIS","17","","","","","","","00000000","","HONEY","HONEY - PRODUCTION, MEASURED IN LB","TOTAL","NOT SPECIFIED","480,202",""
"CENSUS","2007","YEAR","","STATE","INDIANA","18","","","","","","","00000000","","HONEY","HONEY - PRODUCTION, MEASURED IN LB","TOTAL","NOT SPECIFIED","420,252",""
"CENSUS","2007","YEAR","","STATE","IOWA","19","","","","","","","00000000","","HONEY","HONEY - PRODUCTION, MEASURED IN LB","TOTAL","NOT SPECIFIED","2,111,391",""
"CENSUS","2007","YEAR","","STATE","KANSAS","20","","","","","","","00000000","","HONEY","HONEY - PRODUCTION, MEASURED IN LB","TOTAL","NOT SPECIFIED","409,242",""
"CENSUS","2007","YEAR","","STATE","KENTUCKY","21","","","","","","","00000000","","HONEY","HONEY - PRODUCTION, MEASURED IN LB","TOTAL","NOT SPECIFIED","280,430",""
"CENSUS","2007","YEAR","","STATE","LOUISIANA","22","","","","","","","00000000","","HONEY","HONEY - PRODUCTION, MEASURED IN LB","TOTAL","NOT SPECIFIED","2,736,818",""
"CENSUS","2007","YEAR","","STATE","MAINE","23","","","","","","","00000000","","HONEY","HONEY - PRODUCTION, MEASURED IN LB","TOTAL","NOT SPECIFIED","279,174",""
"CENSUS","2007","YEAR","","STATE","MARYLAND","24","","","","","","","00000000","","HONEY","HONEY - PRODUCTION, MEASURED IN LB","TOTAL","NOT SPECIFIED","110,721",""
"CENSUS","2007","YEAR","","STATE","MASSACHUSETTS","25","","","","","","","00000000","","HONEY","HONEY - PRODUCTION, MEASURED IN LB","TOTAL","NOT SPECIFIED","436,623",""
"CENSUS","2007","YEAR","","STATE","MICHIGAN","26","","","","","","","00000000","","HONEY","HONEY - PRODUCTION, MEASURED IN LB","TOTAL","NOT SPECIFIED","4,938,440",""
"CENSUS","2007","YEAR","","STATE","MINNESOTA","27","","","","","","","00000000","","HONEY","HONEY - PRODUCTION, MEASURED IN LB","TOTAL","NOT SPECIFIED","9,357,636",""
"CENSUS","2007","YEAR","","STATE","MISSISSIPPI","28","","","","","","","00000000","","HONEY","HONEY - PRODUCTION, MEASURED IN LB","TOTAL","NOT SPECIFIED","1,826,253",""
"CENSUS","2007","YEAR","","STATE","MISSOURI","29","","","","","","","00000000","","HONEY","HONEY - PRODUCTION, MEASURED IN LB","TOTAL","NOT SPECIFIED","776,184",""
"CENSUS","2007","YEAR","","STATE","MONTANA","30","","","","","","","00000000","","HONEY","HONEY - PRODUCTION, MEASURED IN LB","TOTAL","NOT SPECIFIED","9,313,462",""
"CENSUS","2007","YEAR","","STATE","NEBRASKA","31","","","","","","","00000000","","HONEY","HONEY - PRODUCTION, MEASURED IN LB","TOTAL","NOT SPECIFIED","2,118,433",""
"CENSUS","2007","YEAR","","STATE","NEVADA","32","","","","","","","00000000","","HONEY","HONEY - PRODUCTION, MEASURED IN LB","TOTAL","NOT SPECIFIED","157,245",""
"CENSUS","2007","YEAR","","STATE","NEW HAMPSHIRE","33","","","","","","","00000000","","HONEY","HONEY - PRODUCTION, MEASURED IN LB","TOTAL","NOT SPECIFIED","52,899",""
"CENSUS","2007","YEAR","","STATE","NEW JERSEY","34","","","","","","","00000000","","HONEY","HONEY - PRODUCTION, MEASURED IN LB","TOTAL","NOT SPECIFIED","474,013",""
"CENSUS","2007","YEAR","","STATE","NEW MEXICO","35","","","","","","","00000000","","HONEY","HONEY - PRODUCTION, MEASURED IN LB","TOTAL","NOT SPECIFIED","510,403",""
"CENSUS","2007","YEAR","","STATE","NEW YORK","36","","","","","","","00000000","","HONEY","HONEY - PRODUCTION, MEASURED IN LB","TOTAL","NOT SPECIFIED","3,126,202",""
"CENSUS","2007","YEAR","","STATE","NORTH CAROLINA","37","","","","","","","00000000","","HONEY","HONEY - PRODUCTION, MEASURED IN LB","TOTAL","NOT SPECIFIED","565,741",""
"CENSUS","2007","YEAR","","STATE","NORTH DAKOTA","38","","","","","","","00000000","","HONEY","HONEY - PRODUCTION, MEASURED IN LB","TOTAL","NOT SPECIFIED","30,825,479",""
"CENSUS","2007","YEAR","","STATE","OHIO","39","","","","","","","00000000","","HONEY","HONEY - PRODUCTION, MEASURED IN LB","TOTAL","NOT SPECIFIED","1,026,496",""
"CENSUS","2007","YEAR","","STATE","OKLAHOMA","40","","","","","","","00000000","","HONEY","HONEY - PRODUCTION, MEASURED IN LB","TOTAL","NOT SPECIFIED","238,769",""
"CENSUS","2007","YEAR","","STATE","OREGON","41","","","","","","","00000000","","HONEY","HONEY - PRODUCTION, MEASURED IN LB","TOTAL","NOT SPECIFIED","2,264,599",""
"CENSUS","2007","YEAR","","STATE","PENNSYLVANIA","42","","","","","","","00000000","","HONEY","HONEY - PRODUCTION, MEASURED IN LB","TOTAL","NOT SPECIFIED","1,360,580",""
"CENSUS","2007","YEAR","","STATE","RHODE ISLAND","44","","","","","","","00000000","","HONEY","HONEY - PRODUCTION, MEASURED IN LB","TOTAL","NOT SPECIFIED","17,110",""
"CENSUS","2007","YEAR","","STATE","SOUTH CAROLINA","45","","","","","","","00000000","","HONEY","HONEY - PRODUCTION, MEASURED IN LB","TOTAL","NOT SPECIFIED","234,332",""
"CENSUS","2007","YEAR","","STATE","SOUTH DAKOTA","46","","","","","","","00000000","","HONEY","HONEY - PRODUCTION, MEASURED IN LB","TOTAL","NOT SPECIFIED","13,383,794",""
"CENSUS","2007","YEAR","","STATE","TENNESSEE","47","","","","","","","00000000","","HONEY","HONEY - PRODUCTION, MEASURED IN LB","TOTAL","NOT SPECIFIED","543,757",""
"CENSUS","2007","YEAR","","STATE","TEXAS","48","","","","","","","00000000","","HONEY","HONEY - PRODUCTION, MEASURED IN LB","TOTAL","NOT SPECIFIED","8,554,971",""
"CENSUS","2007","YEAR","","STATE","UTAH","49","","","","","","","00000000","","HONEY","HONEY - PRODUCTION, MEASURED IN LB","TOTAL","NOT SPECIFIED","1,336,461",""
"CENSUS","2007","YEAR","","STATE","VERMONT","50","","","","","","","00000000","","HONEY","HONEY - PRODUCTION, MEASURED IN LB","TOTAL","NOT SPECIFIED","361,715",""
"CENSUS","2007","YEAR","","STATE","VIRGINIA","51","","","","","","","00000000","","HONEY","HONEY - PRODUCTION, MEASURED IN LB","TOTAL","NOT SPECIFIED","300,763",""
"CENSUS","2007","YEAR","","STATE","WASHINGTON","53","","","","","","","00000000","","HONEY","HONEY - PRODUCTION, MEASURED IN LB","TOTAL","NOT SPECIFIED","2,621,311",""
"CENSUS","2007","YEAR","","STATE","WEST VIRGINIA","54","","","","","","","00000000","","HONEY","HONEY - PRODUCTION, MEASURED IN LB","TOTAL","NOT SPECIFIED","321,184",""
"CENSUS","2007","YEAR","","STATE","WISCONSIN","55","","","","","","","00000000","","HONEY","HONEY - PRODUCTION, MEASURED IN LB","TOTAL","NOT SPECIFIED","4,167,522",""
"CENSUS","2007","YEAR","","STATE","WYOMING","56","","","","","","","00000000","","HONEY","HONEY - PRODUCTION, MEASURED IN LB","TOTAL","NOT SPECIFIED","3,628,147",""
"CENSUS","2002","YEAR","","STATE","ALABAMA","01","","","","","","","00000000","","HONEY","HONEY - PRODUCTION, MEASURED IN LB","TOTAL","NOT SPECIFIED","1,317,942",""
"CENSUS","2002","YEAR","","STATE","ALASKA","02","","","","","","","00000000","","HONEY","HONEY - PRODUCTION, MEASURED IN LB","TOTAL","NOT SPECIFIED","4,667",""
"CENSUS","2002","YEAR","","STATE","ARIZONA","04","","","","","","","00000000","","HONEY","HONEY - PRODUCTION, MEASURED IN LB","TOTAL","NOT SPECIFIED","1,337,155",""
"CENSUS","2002","YEAR","","STATE","ARKANSAS","05","","","","","","","00000000","","HONEY","HONEY - PRODUCTION, MEASURED IN LB","TOTAL","NOT SPECIFIED","3,068,543",""
"CENSUS","2002","YEAR","","STATE","CALIFORNIA","06","","","","","","","00000000","","HONEY","HONEY - PRODUCTION, MEASURED IN LB","TOTAL","NOT SPECIFIED","16,303,281",""
"CENSUS","2002","YEAR","","STATE","COLORADO","08","","","","","","","00000000","","HONEY","HONEY - PRODUCTION, MEASURED IN LB","TOTAL","NOT SPECIFIED","1,595,298",""
"CENSUS","2002","YEAR","","STATE","CONNECTICUT","09","","","","","","","00000000","","HONEY","HONEY - PRODUCTION, MEASURED IN LB","TOTAL","NOT SPECIFIED","131,982",""
"CENSUS","2002","YEAR","","STATE","DELAWARE","10","","","","","","","00000000","","HONEY","HONEY - PRODUCTION, MEASURED IN LB","TOTAL","NOT SPECIFIED","5,066",""
"CENSUS","2002","YEAR","","STATE","FLORIDA","12","","","","","","","00000000","","HONEY","HONEY - PRODUCTION, MEASURED IN LB","TOTAL","NOT SPECIFIED","17,543,591",""
"CENSUS","2002","YEAR","","STATE","GEORGIA","13","","","","","","","00000000","","HONEY","HONEY - PRODUCTION, MEASURED IN LB","TOTAL","NOT SPECIFIED","2,332,694",""
"CENSUS","2002","YEAR","","STATE","HAWAII","15","","","","","","","00000000","","HONEY","HONEY - PRODUCTION, MEASURED IN LB","TOTAL","NOT SPECIFIED","966,138",""
"CENSUS","2002","YEAR","","STATE","IDAHO","16","","","","","","","00000000","","HONEY","HONEY - PRODUCTION, MEASURED IN LB","TOTAL","NOT SPECIFIED","4,856,780",""
"CENSUS","2002","YEAR","","STATE","ILLINOIS","17","","","","","","","00000000","","HONEY","HONEY - PRODUCTION, MEASURED IN LB","TOTAL","NOT SPECIFIED","240,991",""
"CENSUS","2002","YEAR","","STATE","INDIANA","18","","","","","","","00000000","","HONEY","HONEY - PRODUCTION, MEASURED IN LB","TOTAL","NOT SPECIFIED","470,008",""
"CENSUS","2002","YEAR","","STATE","IOWA","19","","","","","","","00000000","","HONEY","HONEY - PRODUCTION, MEASURED IN LB","TOTAL","NOT SPECIFIED","2,219,477",""
"CENSUS","2002","YEAR","","STATE","KANSAS","20","","","","","","","00000000","","HONEY","HONEY - PRODUCTION, MEASURED IN LB","TOTAL","NOT SPECIFIED","671,065",""
"CENSUS","2002","YEAR","","STATE","KENTUCKY","21","","","","","","","00000000","","HONEY","HONEY - PRODUCTION, MEASURED IN LB","TOTAL","NOT SPECIFIED","195,144",""
"CENSUS","2002","YEAR","","STATE","LOUISIANA","22","","","","","","","00000000","","HONEY","HONEY - PRODUCTION, MEASURED IN LB","TOTAL","NOT SPECIFIED","2,561,951",""
"CENSUS","2002","YEAR","","STATE","MAINE","23","","","","","","","00000000","","HONEY","HONEY - PRODUCTION, MEASURED IN LB","TOTAL","NOT SPECIFIED","422,293",""
"CENSUS","2002","YEAR","","STATE","MARYLAND","24","","","","","","","00000000","","HONEY","HONEY - PRODUCTION, MEASURED IN LB","TOTAL","NOT SPECIFIED","135,768",""
"CENSUS","2002","YEAR","","STATE","MASSACHUSETTS","25","","","","","","","00000000","","HONEY","HONEY - PRODUCTION, MEASURED IN LB","TOTAL","NOT SPECIFIED","167,566",""
"CENSUS","2002","YEAR","","STATE","MICHIGAN","26","","","","","","","00000000","","HONEY","HONEY - PRODUCTION, MEASURED IN LB","TOTAL","NOT SPECIFIED","5,233,913",""
"CENSUS","2002","YEAR","","STATE","MINNESOTA","27","","","","","","","00000000","","HONEY","HONEY - PRODUCTION, MEASURED IN LB","TOTAL","NOT SPECIFIED","6,839,183",""
"CENSUS","2002","YEAR","","STATE","MISSISSIPPI","28","","","","","","","00000000","","HONEY","HONEY - PRODUCTION, MEASURED IN LB","TOTAL","NOT SPECIFIED","597,514",""
"CENSUS","2002","YEAR","","STATE","MISSOURI","29","","","","","","","00000000","","HONEY","HONEY - PRODUCTION, MEASURED IN LB","TOTAL","NOT SPECIFIED","1,069,398",""
"CENSUS","2002","YEAR","","STATE","MONTANA","30","","","","","","","00000000","","HONEY","HONEY - PRODUCTION, MEASURED IN LB","TOTAL","NOT SPECIFIED","8,497,910",""
"CENSUS","2002","YEAR","","STATE","NEBRASKA","31","","","","","","","00000000","","HONEY","HONEY - PRODUCTION, MEASURED IN LB","TOTAL","NOT SPECIFIED","2,815,070",""
"CENSUS","2002","YEAR","","STATE","NEVADA","32","","","","","","","00000000","","HONEY","HONEY - PRODUCTION, MEASURED IN LB","TOTAL","NOT SPECIFIED","30,244",""
"CENSUS","2002","YEAR","","STATE","NEW HAMPSHIRE","33","","","","","","","00000000","","HONEY","HONEY - PRODUCTION, MEASURED IN LB","TOTAL","NOT SPECIFIED","101,548",""
"CENSUS","2002","YEAR","","STATE","NEW JERSEY","34","","","","","","","00000000","","HONEY","HONEY - PRODUCTION, MEASURED IN LB","TOTAL","NOT SPECIFIED","318,493",""
"CENSUS","2002","YEAR","","STATE","NEW MEXICO","35","","","","","","","00000000","","HONEY","HONEY - PRODUCTION, MEASURED IN LB","TOTAL","NOT SPECIFIED","341,995",""
"CENSUS","2002","YEAR","","STATE","NEW YORK","36","","","","","","","00000000","","HONEY","HONEY - PRODUCTION, MEASURED IN LB","TOTAL","NOT SPECIFIED","4,639,785",""
"CENSUS","2002","YEAR","","STATE","NORTH CAROLINA","37","","","","","","","00000000","","HONEY","HONEY - PRODUCTION, MEASURED IN LB","TOTAL","NOT SPECIFIED","572,926",""
"CENSUS","2002","YEAR","","STATE","NORTH DAKOTA","38","","","","","","","00000000","","HONEY","HONEY - PRODUCTION, MEASURED IN LB","TOTAL","NOT SPECIFIED","12,742,751",""
"CENSUS","2002","YEAR","","STATE","OHIO","39","","","","","","","00000000","","HONEY","HONEY - PRODUCTION, MEASURED IN LB","TOTAL","NOT SPECIFIED","1,451,952",""
"CENSUS","2002","YEAR","","STATE","OKLAHOMA","40","","","","","","","00000000","","HONEY","HONEY - PRODUCTION, MEASURED IN LB","TOTAL","NOT SPECIFIED","309,669",""
"CENSUS","2002","YEAR","","STATE","OREGON","41","","","","","","","00000000","","HONEY","HONEY - PRODUCTION, MEASURED IN LB","TOTAL","NOT SPECIFIED","1,871,760",""
"CENSUS","2002","YEAR","","STATE","PENNSYLVANIA","42","","","","","","","00000000","","HONEY","HONEY - PRODUCTION, MEASURED IN LB","TOTAL","NOT SPECIFIED","1,899,974",""
"CENSUS","2002","YEAR","","STATE","RHODE ISLAND","44","","","","","","","00000000","","HONEY","HONEY - PRODUCTION, MEASURED IN LB","TOTAL","NOT SPECIFIED","18,457",""
"CENSUS","2002","YEAR","","STATE","SOUTH CAROLINA","45","","","","","","","00000000","","HONEY","HONEY - PRODUCTION, MEASURED IN LB","TOTAL","NOT SPECIFIED","147,845",""
"CENSUS","2002","YEAR","","STATE","SOUTH DAKOTA","46","","","","","","","00000000","","HONEY","HONEY - PRODUCTION, MEASURED IN LB","TOTAL","NOT SPECIFIED","9,365,045",""
"CENSUS","2002","YEAR","","STATE","TENNESSEE","47","","","","","","","00000000","","HONEY","HONEY - PRODUCTION, MEASURED IN LB","TOTAL","NOT SPECIFIED","602,876",""
"CENSUS","2002","YEAR","","STATE","TEXAS","48","","","","","","","00000000","","HONEY","HONEY - PRODUCTION, MEASURED IN LB","TOTAL","NOT SPECIFIED","6,154,191",""
"CENSUS","2002","YEAR","","STATE","UTAH","49","","","","","","","00000000","","HONEY","HONEY - PRODUCTION, MEASURED IN LB","TOTAL","NOT SPECIFIED","1,102,903",""
"CENSUS","2002","YEAR","","STATE","VERMONT","50","","","","","","","00000000","","HONEY","HONEY - PRODUCTION, MEASURED IN LB","TOTAL","NOT SPECIFIED","569,114",""
"CENSUS","2002","YEAR","","STATE","VIRGINIA","51","","","","","","","00000000","","HONEY","HONEY - PRODUCTION, MEASURED IN LB","TOTAL","NOT SPECIFIED","414,464",""
"CENSUS","2002","YEAR","","STATE","WASHINGTON","53","","","","","","","00000000","","HONEY","HONEY - PRODUCTION, MEASURED IN LB","TOTAL","NOT SPECIFIED","2,449,444",""
"CENSUS","2002","YEAR","","STATE","WEST VIRGINIA","54","","","","","","","00000000","","HONEY","HONEY - PRODUCTION, MEASURED IN LB","TOTAL","NOT SPECIFIED","310,226",""
"CENSUS","2002","YEAR","","STATE","WISCONSIN","55","","","","","","","00000000","","HONEY","HONEY - PRODUCTION, MEASURED IN LB","TOTAL","NOT SPECIFIED","5,583,844",""
"CENSUS","2002","YEAR","","STATE","WYOMING","56","","","","","","","00000000","","HONEY","HONEY - PRODUCTION, MEASURED IN LB","TOTAL","NOT SPECIFIED","1,951,596",""
"CENSUS","1997","YEAR","","STATE","ALABAMA","01","","","","","","","00000000","","HONEY","HONEY - PRODUCTION, MEASURED IN LB","TOTAL","NOT SPECIFIED","1,075,826",""
"CENSUS","1997","YEAR","","STATE","ALASKA","02","","","","","","","00000000","","HONEY","HONEY - PRODUCTION, MEASURED IN LB","TOTAL","NOT SPECIFIED","4,910",""
"CENSUS","1997","YEAR","","STATE","ARIZONA","04","","","","","","","00000000","","HONEY","HONEY - PRODUCTION, MEASURED IN LB","TOTAL","NOT SPECIFIED","2,824,514",""
"CENSUS","1997","YEAR","","STATE","ARKANSAS","05","","","","","","","00000000","","HONEY","HONEY - PRODUCTION, MEASURED IN LB","TOTAL","NOT SPECIFIED","1,877,337",""
"CENSUS","1997","YEAR","","STATE","CALIFORNIA","06","","","","","","","00000000","","HONEY","HONEY - PRODUCTION, MEASURED IN LB","TOTAL","NOT SPECIFIED","29,461,509",""
"CENSUS","1997","YEAR","","STATE","COLORADO","08","","","","","","","00000000","","HONEY","HONEY - PRODUCTION, MEASURED IN LB","TOTAL","NOT SPECIFIED","1,652,508",""
"CENSUS","1997","YEAR","","STATE","CONNECTICUT","09","","","","","","","00000000","","HONEY","HONEY - PRODUCTION, MEASURED IN LB","TOTAL","NOT SPECIFIED","57,540",""
"CENSUS","1997","YEAR","","STATE","DELAWARE","10","","","","","","","00000000","","HONEY","HONEY - PRODUCTION, MEASURED IN LB","TOTAL","NOT SPECIFIED","21,339",""
"CENSUS","1997","YEAR","","STATE","FLORIDA","12","","","","","","","00000000","","HONEY","HONEY - PRODUCTION, MEASURED IN LB","TOTAL","NOT SPECIFIED","19,562,526",""
"CENSUS","1997","YEAR","","STATE","GEORGIA","13","","","","","","","00000000","","HONEY","HONEY - PRODUCTION, MEASURED IN LB","TOTAL","NOT SPECIFIED","3,411,178",""
"CENSUS","1997","YEAR","","STATE","HAWAII","15","","","","","","","00000000","","HONEY","HONEY - PRODUCTION, MEASURED IN LB","TOTAL","NOT SPECIFIED","949,769",""
"CENSUS","1997","YEAR","","STATE","IDAHO","16","","","","","","","00000000","","HONEY","HONEY - PRODUCTION, MEASURED IN LB","TOTAL","NOT SPECIFIED","7,031,198",""
"CENSUS","1997","YEAR","","STATE","ILLINOIS","17","","","","","","","00000000","","HONEY","HONEY - PRODUCTION, MEASURED IN LB","TOTAL","NOT SPECIFIED","493,456",""
"CENSUS","1997","YEAR","","STATE","INDIANA","18","","","","","","","00000000","","HONEY","HONEY - PRODUCTION, MEASURED IN LB","TOTAL","NOT SPECIFIED","445,927",""
"CENSUS","1997","YEAR","","STATE","IOWA","19","","","","","","","00000000","","HONEY","HONEY - PRODUCTION, MEASURED IN LB","TOTAL","NOT SPECIFIED","2,514,850",""
"CENSUS","1997","YEAR","","STATE","KANSAS","20","","","","","","","00000000","","HONEY","HONEY - PRODUCTION, MEASURED IN LB","TOTAL","NOT SPECIFIED","989,522",""
"CENSUS","1997","YEAR","","STATE","KENTUCKY","21","","","","","","","00000000","","HONEY","HONEY - PRODUCTION, MEASURED IN LB","TOTAL","NOT SPECIFIED","105,265",""
"CENSUS","1997","YEAR","","STATE","LOUISIANA","22","","","","","","","00000000","","HONEY","HONEY - PRODUCTION, MEASURED IN LB","TOTAL","NOT SPECIFIED","2,848,267",""
"CENSUS","1997","YEAR","","STATE","MAINE","23","","","","","","","00000000","","HONEY","HONEY - PRODUCTION, MEASURED IN LB","TOTAL","NOT SPECIFIED","177,758",""
"CENSUS","1997","YEAR","","STATE","MARYLAND","24","","","","","","","00000000","","HONEY","HONEY - PRODUCTION, MEASURED IN LB","TOTAL","NOT SPECIFIED","173,096",""
"CENSUS","1997","YEAR","","STATE","MASSACHUSETTS","25","","","","","","","00000000","","HONEY","HONEY - PRODUCTION, MEASURED IN LB","TOTAL","NOT SPECIFIED","371,693",""
"CENSUS","1997","YEAR","","STATE","MICHIGAN","26","","","","","","","00000000","","HONEY","HONEY - PRODUCTION, MEASURED IN LB","TOTAL","NOT SPECIFIED","5,587,845",""
"CENSUS","1997","YEAR","","STATE","MINNESOTA","27","","","","","","","00000000","","HONEY","HONEY - PRODUCTION, MEASURED IN LB","TOTAL","NOT SPECIFIED","9,382,764",""
"CENSUS","1997","YEAR","","STATE","MISSISSIPPI","28","","","","","","","00000000","","HONEY","HONEY - PRODUCTION, MEASURED IN LB","TOTAL","NOT SPECIFIED","1,451,109",""
"CENSUS","1997","YEAR","","STATE","MISSOURI","29","","","","","","","00000000","","HONEY","HONEY - PRODUCTION, MEASURED IN LB","TOTAL","NOT SPECIFIED","1,301,336",""
"CENSUS","1997","YEAR","","STATE","MONTANA","30","","","","","","","00000000","","HONEY","HONEY - PRODUCTION, MEASURED IN LB","TOTAL","NOT SPECIFIED","8,785,295",""
"CENSUS","1997","YEAR","","STATE","NEBRASKA","31","","","","","","","00000000","","HONEY","HONEY - PRODUCTION, MEASURED IN LB","TOTAL","NOT SPECIFIED","3,173,038",""
"CENSUS","1997","YEAR","","STATE","NEVADA","32","","","","","","","00000000","","HONEY","HONEY - PRODUCTION, MEASURED IN LB","TOTAL","NOT SPECIFIED","97,220",""
"CENSUS","1997","YEAR","","STATE","NEW HAMPSHIRE","33","","","","","","","00000000","","HONEY","HONEY - PRODUCTION, MEASURED IN LB","TOTAL","NOT SPECIFIED","58,315",""
"CENSUS","1997","YEAR","","STATE","NEW JERSEY","34","","","","","","","00000000","","HONEY","HONEY - PRODUCTION, MEASURED IN LB","TOTAL","NOT SPECIFIED","470,708",""
"CENSUS","1997","YEAR","","STATE","NEW MEXICO","35","","","","","","","00000000","","HONEY","HONEY - PRODUCTION, MEASURED IN LB","TOTAL","NOT SPECIFIED","941,529",""
"CENSUS","1997","YEAR","","STATE","NEW YORK","36","","","","","","","00000000","","HONEY","HONEY - PRODUCTION, MEASURED IN LB","TOTAL","NOT SPECIFIED","4,400,363",""
"CENSUS","1997","YEAR","","STATE","NORTH CAROLINA","37","","","","","","","00000000","","HONEY","HONEY - PRODUCTION, MEASURED IN LB","TOTAL","NOT SPECIFIED","349,951",""
"CENSUS","1997","YEAR","","STATE","NORTH DAKOTA","38","","","","","","","00000000","","HONEY","HONEY - PRODUCTION, MEASURED IN LB","TOTAL","NOT SPECIFIED","12,815,185",""
"CENSUS","1997","YEAR","","STATE","OHIO","39","","","","","","","00000000","","HONEY","HONEY - PRODUCTION, MEASURED IN LB","TOTAL","NOT SPECIFIED","1,592,794",""
"CENSUS","1997","YEAR","","STATE","OKLAHOMA","40","","","","","","","00000000","","HONEY","HONEY - PRODUCTION, MEASURED IN LB","TOTAL","NOT SPECIFIED","218,228",""
"CENSUS","1997","YEAR","","STATE","OREGON","41","","","","","","","00000000","","HONEY","HONEY - PRODUCTION, MEASURED IN LB","TOTAL","NOT SPECIFIED","3,325,314",""
"CENSUS","1997","YEAR","","STATE","PENNSYLVANIA","42","","","","","","","00000000","","HONEY","HONEY - PRODUCTION, MEASURED IN LB","TOTAL","NOT SPECIFIED","1,228,347",""
"CENSUS","1997","YEAR","","STATE","RHODE ISLAND","44","","","","","","","00000000","","HONEY","HONEY - PRODUCTION, MEASURED IN LB","TOTAL","NOT SPECIFIED","9,726",""
"CENSUS","1997","YEAR","","STATE","SOUTH CAROLINA","45","","","","","","","00000000","","HONEY","HONEY - PRODUCTION, MEASURED IN LB","TOTAL","NOT SPECIFIED","228,493",""
"CENSUS","1997","YEAR","","STATE","SOUTH DAKOTA","46","","","","","","","00000000","","HONEY","HONEY - PRODUCTION, MEASURED IN LB","TOTAL","NOT SPECIFIED","14,342,405",""
"CENSUS","1997","YEAR","","STATE","TENNESSEE","47","","","","","","","00000000","","HONEY","HONEY - PRODUCTION, MEASURED IN LB","TOTAL","NOT SPECIFIED","516,413",""
"CENSUS","1997","YEAR","","STATE","TEXAS","48","","","","","","","00000000","","HONEY","HONEY - PRODUCTION, MEASURED IN LB","TOTAL","NOT SPECIFIED","8,749,433",""
"CENSUS","1997","YEAR","","STATE","UTAH","49","","","","","","","00000000","","HONEY","HONEY - PRODUCTION, MEASURED IN LB","TOTAL","NOT SPECIFIED","1,663,454",""
"CENSUS","1997","YEAR","","STATE","VERMONT","50","","","","","","","00000000","","HONEY","HONEY - PRODUCTION, MEASURED IN LB","TOTAL","NOT SPECIFIED","377,360",""
"CENSUS","1997","YEAR","","STATE","VIRGINIA","51","","","","","","","00000000","","HONEY","HONEY - PRODUCTION, MEASURED IN LB","TOTAL","NOT SPECIFIED","250,279",""
"CENSUS","1997","YEAR","","STATE","WASHINGTON","53","","","","","","","00000000","","HONEY","HONEY - PRODUCTION, MEASURED IN LB","TOTAL","NOT SPECIFIED","4,540,043",""
"CENSUS","1997","YEAR","","STATE","WEST VIRGINIA","54","","","","","","","00000000","","HONEY","HONEY - PRODUCTION, MEASURED IN LB","TOTAL","NOT SPECIFIED","234,199",""
"CENSUS","1997","YEAR","","STATE","WISCONSIN","55","","","","","","","00000000","","HONEY","HONEY - PRODUCTION, MEASURED IN LB","TOTAL","NOT SPECIFIED","4,693,674",""
"CENSUS","1997","YEAR","","STATE","WYOMING","56","","","","","","","00000000","","HONEY","HONEY - PRODUCTION, MEASURED IN LB","TOTAL","NOT SPECIFIED","1,924,624",""
